#VRML V2.0 utf8
# 3D model generated by easyeda2kicad.py (https://github.com/uPesy/easyeda2kicad.py)

Shape{
    appearance Appearance {
        material  Material 	{
            diffuseColor 0.30980392156862746 0.30980392156862746 0.30980392156862746
            specularColor 0.1568627450980392 0.1568627450980392 0.1568627450980392
            ambientIntensity 0.3098
            transparency 0.0
            shininess 0.5
        }
    }
    geometry IndexedFaceSet {
        ccw TRUE
        solid FALSE
        coord DEF co Coordinate {
            point [
                -0.0426 0.6072 0.6487, -0.1954 0.6067 0.6558, -0.0185 0.6059 0.6654, 0.0047 0.605 0.674, -0.0614 0.6081 0.6267, -0.073 0.6083 0.6035, -0.0758 0.6083 0.6026, -0.0927 0.6082 0.5941, -0.108 0.6077 0.5809, -0.1948 0.6074 0.5757, -0.1196 0.6067 0.5646, -0.1969 0.605 0.674, 0.0099 0.6048 0.676, -0.1969 0.5785 0.7988, 0.0346 0.6045 0.6789, 0.9252 0.605 0.5465, 0.2341 0.605 0.5465, 0.9252 0.605 0.674, 0.234 0.6051 0.5474, 0.2301 0.607 0.5688, 0.2208 0.608 0.5892, 0.207 0.6084 0.6067, 0.2032 0.6084 0.6103, 0.0625 0.6048 0.6757, 0.9252 0.5785 0.7988, 0.0669 0.605 0.674, 0.0888 0.6058 0.6658, 0.1031 0.6066 0.6572, 0.185 0.6082 0.6229, 0.1638 0.608 0.6309, 0.1414 0.6079 0.6335, 0.1165 0.6073 0.6458, 0.1348 0.6079 0.6329, 0.1283 0.608 0.6323, 0.9252 0.5785 0.4217, 0.1514 0.5809 0.4293, 0.1598 0.5841 0.4398, 0.1654 0.5875 0.4521, 0.1726 0.5881 0.4543, 0.1931 0.5907 0.4645, 0.2108 0.5943 0.4797, 0.2236 0.598 0.4984, 0.2316 0.6016 0.5196, 0.2342 0.6045 0.542, -0.1969 0.5785 0.4217, 0.0818 0.5785 0.4217, -0.1969 0.5266 0.3051, 0.0851 0.5778 0.4194, 0.0978 0.5762 0.4146, 0.1116 0.5756 0.413, 0.1138 0.5756 0.4131, 0.1272 0.5764 0.4152, 0.9252 0.5266 0.3051, 0.1403 0.5782 0.4208, 0.1414 0.5785 0.4217, -0.0087 0.605 0.5465, -0.0933 0.6035 0.5333, -0.0907 0.6048 0.5442, -0.0149 0.5949 0.4829, -0.0188 0.5952 0.4844, -0.0257 0.6012 0.5168, -0.0114 0.5944 0.4804, -0.0232 0.5954 0.4849, -0.0238 0.5954 0.4849, -0.0255 0.5953 0.4845, -0.0267 0.5952 0.4843, -0.0523 0.5952 0.4841, -0.0625 0.5956 0.486, -0.0726 0.5965 0.4906, -0.0811 0.5979 0.4974, -0.0818 0.598 0.4982, -0.0881 0.5996 0.507, -0.0921 0.6012 0.5172, -0.0936 0.6028 0.5282, -0.1945 0.6029 0.5288, -0.1265 0.605 0.5465, -0.1289 0.6029 0.5286, -0.1188 0.5965 0.4903, -0.1074 0.5931 0.4746, -0.1939 0.5866 0.4487, -0.1261 0.5998 0.5083, -0.0918 0.59 0.4616, -0.0744 0.5878 0.4533, -0.0554 0.5868 0.4494, -0.0099 0.5885 0.4557, -0.0075 0.5894 0.4593, 0.0581 0.5868 0.4495, -0.006 0.5904 0.4631, 0.0546 0.5905 0.4636, -0.0055 0.5914 0.4674, 0.0543 0.5919 0.4695, 0.0543 0.5932 0.4752, -0.0056 0.5919 0.4696, -0.0068 0.593 0.474, -0.009 0.5938 0.4778, 0.0649 0.5832 0.4369, -0.0149 0.5874 0.4517, -0.0112 0.5881 0.4543, -0.0219 0.5869 0.4496, -0.0186 0.587 0.4502, 0.0737 0.5803 0.4272, -0.0188 0.6082 0.624, -0.0028 0.6079 0.6352, -0.0071 0.605 0.5465, 0.015 0.6075 0.6422, 0.0343 0.6074 0.6447, 0.0553 0.6075 0.6422, 0.0739 0.6079 0.6348, 0.0892 0.6082 0.6237, -0.0895 0.605 0.5465, -0.0855 0.6058 0.5541, -0.079 0.6064 0.5614, -0.0702 0.6069 0.5677, -0.0603 0.6071 0.5716, -0.0495 0.6072 0.573, -0.0449 0.6072 0.573, -0.0415 0.608 0.5889, -0.0083 0.6051 0.5471, -0.0329 0.6084 0.6073, -0.0201 0.6082 0.6228, 0.1021 0.6084 0.6086, 0.1109 0.6081 0.5906, 0.1979 0.605 0.5465, 0.1695 0.6072 0.5729, 0.1836 0.6076 0.5806, 0.1916 0.607 0.5693, 0.1149 0.6081 0.5928, 0.1966 0.606 0.5566, 0.1276 0.6082 0.5976, 0.141 0.6083 0.5994, 0.147 0.6083 0.5991, 0.1611 0.6082 0.5959, 0.1738 0.608 0.5892, 0.1938 0.6017 0.5201, 0.1871 0.5998 0.5085, 0.1582 0.5988 0.5024, 0.177 0.598 0.498, 0.1646 0.5965 0.4902, 0.137 0.6018 0.5211, 0.1487 0.6006 0.5131, 0.1984 0.6046 0.5428, 0.1977 0.6036 0.534, 0.1039 0.6027 0.527, 0.1108 0.6027 0.5274, 0.1244 0.6025 0.5258, 0.0902 0.6022 0.5235, 0.0782 0.6012 0.5169, 0.0683 0.5997 0.5078, -0.3163 0.6073 0.5748, -0.3168 0.6067 0.6549, -0.3007 0.6075 0.6423, -0.3008 0.6069 0.6531, -0.2693 0.6075 0.6428, -0.2787 0.6073 0.6471, -0.2717 0.6073 0.6457, -0.2998 0.6075 0.6428, -0.2917 0.6073 0.6459, -0.2819 0.6072 0.6472, -0.2654 0.6075 0.6429, -0.26 0.6077 0.6384, -0.2594 0.6077 0.6378, -0.2555 0.608 0.6322, -0.2528 0.6082 0.6253, -0.2514 0.6084 0.6144, -0.2515 0.6084 0.6115, -0.2527 0.6083 0.6035, -0.2552 0.6082 0.597, -0.2591 0.6081 0.5915, -0.261 0.608 0.5897, -0.2663 0.6079 0.586, -0.2721 0.6078 0.5839, -0.2796 0.6078 0.583, -0.2845 0.6078 0.5832, -0.4751 0.6068 0.6538, -0.4862 0.6068 0.6537, -0.3581 0.6068 0.6546, -0.3744 0.6073 0.5744, -0.375 0.6068 0.6545, -0.358 0.6074 0.6454, -0.3555 0.6084 0.6106, -0.3555 0.6083 0.6198, -0.3269 0.6083 0.62, -0.3271 0.6073 0.6456, -0.1969 0.6067 0.6558, -0.2057 0.6067 0.6557, -0.2619 0.6069 0.652, -0.2703 0.6067 0.6552, -0.2818 0.6066 0.6565, -0.2834 0.6066 0.6564, -0.2936 0.6067 0.6554, -0.2052 0.6078 0.5848, -0.2406 0.6084 0.6139, -0.2409 0.6083 0.6198, -0.2431 0.6081 0.6299, -0.2472 0.6077 0.6386, -0.2523 0.6074 0.6449, -0.2541 0.6073 0.6466, -0.2638 0.6074 0.5761, -0.2564 0.6076 0.5799, -0.237 0.6074 0.5754, -0.2723 0.6073 0.5741, -0.2506 0.6078 0.5849, -0.2499 0.6079 0.5857, -0.2371 0.6078 0.5845, -0.2452 0.6081 0.5926, -0.242 0.6083 0.601, -0.3268 0.6084 0.6108, -0.3267 0.6078 0.5839, -0.3594 0.6078 0.5837, -0.3593 0.6073 0.5745, -0.3979 0.6068 0.6543, -0.4101 0.6069 0.6529, -0.4197 0.6071 0.6493, -0.4358 0.6079 0.6337, -0.4387 0.6082 0.626, -0.428 0.6075 0.6435, -0.4309 0.6076 0.6407, -0.4399 0.6083 0.615, -0.4395 0.6084 0.6085, -0.4441 0.6073 0.5739, -0.4372 0.6083 0.5994, -0.433 0.6081 0.5913, -0.4276 0.6079 0.5853, -0.4191 0.6076 0.5793, -0.41 0.6074 0.5758, -0.3965 0.6073 0.5743, -0.1969 0.605 0.5465, -0.4555 0.6073 0.5739, -0.1264 0.6051 0.5472, -0.1969 0.6074 0.5757, -0.2781 0.6073 0.5738, -0.2903 0.6073 0.5748, -0.2989 0.6075 0.5776, -0.2934 0.6078 0.585, -0.3003 0.608 0.5882, -0.3003 0.6075 0.5783, -0.3423 0.5972 0.4938, -0.3724 0.5863 0.4475, -0.3424 0.599 0.5036, -0.3503 0.5992 0.5048, -0.3353 0.5993 0.5057, -0.3615 0.5992 0.5047, -0.4162 0.6027 0.5272, -0.3288 0.5994 0.5062, -0.3762 0.59 0.4616, -0.3774 0.5888 0.4569, -0.3776 0.5888 0.4569, -0.5856 0.6025 0.526, -1.3189 0.605 0.5465, -1.3189 0.5785 0.4217, -0.5961 0.5915 0.4677, -0.5627 0.5916 0.468, -0.5549 0.5859 0.4461, -0.6155 0.5858 0.4457, -0.6041 0.5858 0.4458, -0.3644 0.5785 0.4217, -0.4588 0.5885 0.4559, -0.4587 0.5861 0.4468, -0.4744 0.6026 0.5268, -0.4265 0.6013 0.5179, -0.4263 0.5969 0.4923, -0.4574 0.6013 0.5177, -0.4549 0.5968 0.4921, -0.4262 0.595 0.4831, -0.426 0.5886 0.4562, -0.4548 0.5949 0.4829, -0.4972 0.6026 0.5266, -0.5745 0.6025 0.5261, -0.5094 0.6024 0.5252, -0.5191 0.6019 0.5216, -0.5274 0.601 0.5158, -0.5303 0.6006 0.513, -0.5352 0.5994 0.5059, -0.5381 0.598 0.4983, -0.5393 0.5959 0.4873, -0.5389 0.5945 0.4808, -0.5434 0.5859 0.4462, -0.5366 0.5924 0.4717, -0.5323 0.5905 0.4636, -0.527 0.589 0.4575, -0.5185 0.5874 0.4516, -0.5093 0.5864 0.4481, -0.5026 0.5861 0.4469, -0.4738 0.586 0.4467, -0.4958 0.586 0.4465, -0.3663 0.5788 0.4225, -0.4156 0.5862 0.4471, -0.3782 0.5893 0.4588, -0.3789 0.59 0.4615, -0.3948 0.5991 0.5044, -0.4052 0.5991 0.5044, -0.3788 0.5838 0.4387, -0.3742 0.5811 0.4299, -0.3704 0.5798 0.4256, -0.3698 0.5795 0.4249, -0.2369 0.5865 0.4484, -0.1969 0.5866 0.4487, -0.2925 0.5864 0.448, -0.2825 0.5864 0.4481, -0.3518 0.5785 0.4217, -0.2647 0.5861 0.4468, -0.2587 0.5863 0.4476, -0.2548 0.5867 0.449, -0.2531 0.587 0.4501, -0.2515 0.5873 0.4514, -0.2504 0.5876 0.4526, -0.2483 0.5885 0.4557, -0.237 0.5889 0.4575, -0.2471 0.5893 0.4591, -0.2467 0.5905 0.4636, -0.2473 0.5918 0.469, -0.2487 0.5926 0.4726, -0.2507 0.5933 0.4754, -0.2537 0.5939 0.4781, -0.2524 0.5967 0.4917, -0.258 0.5944 0.4803, -0.2589 0.5975 0.4958, -0.2658 0.5948 0.4822, -0.2746 0.598 0.4981, -0.2712 0.598 0.4985, -0.2652 0.5979 0.4979, -0.2827 0.5953 0.4844, -0.2824 0.5962 0.4888, -0.2814 0.5969 0.4924, -0.2802 0.5973 0.4945, -0.2787 0.5976 0.4961, -0.277 0.5978 0.4973, -0.2775 0.5873 0.4511, -0.2739 0.5866 0.4488, -0.2699 0.5862 0.4474, -0.2825 0.5888 0.4569, -0.2823 0.5888 0.4569, -0.2807 0.5882 0.4545, -0.3278 0.598 0.4981, -0.3248 0.5979 0.4979, -0.3168 0.5965 0.4905, -0.3221 0.5978 0.4972, -0.317 0.5968 0.4921, -0.3199 0.5976 0.496, -0.3175 0.5971 0.4934, -0.3183 0.5973 0.4947, -0.3169 0.5962 0.4891, -0.3173 0.5959 0.4876, -0.318 0.5956 0.4862, -0.3189 0.5954 0.4851, -0.3225 0.5949 0.4829, -0.3347 0.5978 0.4972, -0.3286 0.5943 0.4801, -0.3404 0.5974 0.495, -0.3325 0.594 0.4786, -0.3391 0.5931 0.4748, -0.3415 0.5927 0.4726, -0.3434 0.592 0.4699, -0.3444 0.5913 0.4669, -0.3576 0.5809 0.4292, -0.36 0.581 0.4294, -0.3412 0.5879 0.4533, -0.3611 0.5811 0.4298, -0.3622 0.5812 0.4302, -0.3448 0.5904 0.4632, -0.3443 0.5894 0.4591, -0.3679 0.5833 0.4372, -0.3431 0.5885 0.456, -0.3659 0.5822 0.4336, -0.364 0.5816 0.4315, -0.3297 0.5862 0.4472, -0.3353 0.5867 0.4491, -0.3519 0.5813 0.4304, -0.3383 0.5872 0.4509, -0.3539 0.5811 0.4298, -0.3557 0.5809 0.4293, -0.1969 0.6029 0.5287, -0.2357 0.6029 0.5285, -0.3343 0.5897 0.4603, -0.3345 0.5902 0.4623, -0.3288 0.5892 0.4585, -0.3317 0.5887 0.4566, -0.3329 0.589 0.4576, -0.3338 0.5893 0.4589, -0.3231 0.5882 0.4546, -0.3282 0.5883 0.4551, -0.3308 0.5886 0.4561, -0.3344 0.5905 0.4635, -0.334 0.5909 0.4651, -0.3332 0.5912 0.4664, -0.332 0.5915 0.4677, -0.3281 0.5921 0.4701, -0.3215 0.5927 0.4729, -0.3226 0.5882 0.4546, -0.3109 0.5941 0.4788, -0.3062 0.5896 0.4602, -0.3156 0.5934 0.4757, -0.3097 0.5891 0.458, -0.316 0.5884 0.4555, -0.3092 0.5944 0.4806, -0.2928 0.5953 0.4848, -0.3061 0.5869 0.4499, -0.3127 0.5863 0.4475, -0.3216 0.586 0.4464, -0.3079 0.5949 0.4827, -0.3068 0.5955 0.4857, -0.292 0.5969 0.4927, -0.3064 0.5963 0.4896, -0.3069 0.597 0.4932, -0.2823 0.5992 0.5048, -0.2856 0.5989 0.5029, -0.3081 0.5977 0.4964, -0.2883 0.5984 0.5004, -0.2904 0.5978 0.4972, -0.3158 0.599 0.5035, -0.3213 0.5993 0.5054, -0.313 0.5987 0.5018, -0.31 0.5982 0.4991, -0.4574 0.6026 0.5269, -0.2621 0.5993 0.5055, -0.2722 0.5995 0.5066, -0.278 0.5994 0.5061, -0.2356 0.6015 0.5192, -0.2525 0.5986 0.5014, -0.2546 0.5988 0.5027, -0.2045 0.5972 0.4938, -0.2332 0.5971 0.4936, -0.2047 0.6016 0.5195, -0.2331 0.5953 0.4845, -0.2045 0.5953 0.4847, -0.2043 0.589 0.4577, -1.3189 0.5266 0.3051, -0.3644 0.5785 0.4216, -0.3623 0.5783 0.421, -0.3583 0.5781 0.4206, -0.3561 0.5782 0.4207, -0.3518 0.5784 0.4214, -0.1969 0.4516 0.2019, -1.3189 0.4516 0.2019, -0.1969 0.3568 0.1165, -1.3189 0.3568 0.1165, -0.1969 0.2463 0.0528, -1.3189 0.2463 0.0528, -0.1969 0.125 0.0133, -1.3189 0.125 0.0133, -0.1969 -0.0019 0.0, -1.3189 -0.0019 0.0, -0.1969 -0.1287 0.0133, -1.3189 -0.1287 0.0133, -0.1969 -0.2501 0.0528, -1.3189 -0.2501 0.0528, -0.1969 -0.3606 0.1165, -1.3189 -0.3606 0.1165, -0.1969 -0.4554 0.2019, -1.3189 -0.4554 0.2019, -0.1969 -0.5303 0.3051, -1.3189 -0.5303 0.3051, -0.1969 -0.5822 0.4217, -1.3189 -0.5822 0.4217, -0.1969 -0.6088 0.5465, -1.3189 -0.6088 0.5465, -0.1969 -0.6088 0.674, -1.3189 -0.6088 0.674, -0.1969 -0.5822 0.7988, -1.3189 -0.5822 0.7988, -0.1969 -0.5303 0.9154, -1.3189 -0.5303 0.9154, -0.1969 -0.4554 1.0186, -1.3189 -0.4554 1.0186, -0.1969 -0.3606 1.1039, -1.3189 -0.3606 1.1039, -0.1969 -0.2501 1.1677, -1.3189 -0.2501 1.1677, -0.1969 -0.1287 1.2071, -1.3189 -0.1287 1.2071, -0.1969 -0.0019 1.2205, -1.3189 -0.0019 1.2205, -0.1969 0.125 1.2071, -1.3189 0.125 1.2071, -0.1969 0.2463 1.1677, -1.3189 0.2463 1.1677, -0.1969 0.3568 1.1039, -1.3189 0.3568 1.1039, -0.1969 0.4516 1.0186, -1.3189 0.4516 1.0186, -0.1969 0.5266 0.9154, -1.3189 0.5266 0.9154, -1.3189 0.5785 0.7988, -1.3189 0.605 0.674, -0.5161 0.6073 0.5734, -0.5047 0.6073 0.5735, -0.4967 0.6082 0.5955, -0.4633 0.6082 0.5957, 0.9252 0.4516 0.2019, 0.9252 0.3568 0.1165, 0.9252 0.2463 0.0528, 0.9252 0.125 0.0133, 0.9252 -0.0019 0.0, 0.9252 -0.1287 0.0133, 0.9252 -0.2501 0.0528, 0.9252 -0.3606 0.1165, 0.9252 -0.4554 0.2019, 0.9252 -0.5303 0.3051, 0.9252 -0.5822 0.4217, 0.9252 -0.6088 0.5465, 0.9252 -0.6088 0.674, 0.9252 -0.5822 0.7988, 0.9252 -0.5303 0.9154, 0.9252 -0.4554 1.0186, 0.9252 -0.3606 1.1039, 0.9252 -0.2501 1.1677, 0.9252 -0.1287 1.2071, 0.9252 -0.0019 1.2205, 0.9252 0.125 1.2071, 0.9252 0.2463 1.1677, 0.9252 0.3568 1.1039, 0.9252 0.4516 1.0186, 0.9252 0.5266 0.9154, -1.3189 -0.0806 0.7466, -1.3189 -0.0426 0.7624, -1.3189 -0.0019 0.7677, -1.3189 0.0389 0.7624, -1.3189 0.0769 0.7466, -1.3189 -0.1593 0.6102, -1.3189 -0.154 0.651, -1.3189 -0.1383 0.689, -1.3189 -0.1132 0.7216, -1.3189 -0.0806 0.4739, -1.3189 -0.1132 0.4989, -1.3189 -0.1383 0.5315, -1.3189 -0.154 0.5695, -1.3189 0.0769 0.4739, -1.3189 0.0389 0.4581, -1.3189 -0.0019 0.4528, -1.3189 -0.0426 0.4581, -1.3189 0.1556 0.6102, -1.3189 0.1502 0.5695, -1.3189 0.1345 0.5315, -1.3189 0.1095 0.4989, -1.3189 0.1095 0.7216, -1.3189 0.1345 0.689, -1.3189 0.1502 0.651
            ]
        }
        coordIndex [
            0,1,2,-1,2,1,3,-1,0,4,1,-1,1,4,5,-1,1,5,6,-1,6,7,1,-1,1,7,8,-1,1,8,9,-1,9,8,10,-1,3,11,12,-1,12,11,13,-1,12,13,14,-1,15,16,17,-1,17,16,18,-1,17,18,19,-1,19,20,17,-1,17,20,21,-1,17,21,22,-1,23,24,25,-1,25,24,17,-1,25,17,26,-1,26,17,27,-1,22,28,17,-1,17,28,29,-1,17,29,27,-1,27,29,30,-1,27,30,31,-1,31,30,32,-1,31,32,33,-1,34,35,36,-1,36,37,38,-1,36,38,34,-1,34,38,39,-1,34,39,40,-1,40,41,34,-1,34,41,42,-1,34,42,15,-1,15,42,43,-1,15,43,16,-1,44,45,46,-1,46,45,47,-1,47,48,46,-1,46,48,49,-1,46,49,50,-1,50,51,52,-1,52,51,53,-1,52,53,34,-1,34,53,54,-1,34,54,35,-1,55,56,57,-1,58,59,60,-1,58,60,61,-1,59,62,60,-1,60,62,63,-1,60,63,64,-1,64,65,60,-1,60,65,66,-1,60,66,67,-1,67,68,60,-1,60,68,69,-1,60,69,70,-1,70,71,60,-1,60,71,72,-1,60,72,55,-1,55,72,73,-1,55,73,56,-1,74,75,76,-1,77,78,79,-1,74,76,79,-1,79,76,80,-1,79,80,77,-1,78,81,79,-1,79,81,82,-1,79,82,83,-1,84,85,86,-1,86,85,87,-1,86,87,88,-1,88,87,89,-1,88,89,90,-1,90,89,91,-1,89,92,91,-1,91,92,93,-1,91,93,60,-1,60,93,94,-1,60,94,61,-1,95,96,86,-1,86,96,97,-1,86,97,84,-1,98,99,45,-1,45,99,96,-1,45,96,100,-1,100,96,95,-1,101,102,103,-1,103,102,104,-1,103,104,105,-1,105,106,103,-1,103,106,107,-1,103,107,108,-1,57,109,55,-1,55,109,110,-1,55,110,111,-1,111,112,55,-1,55,112,113,-1,55,113,114,-1,114,115,55,-1,55,115,116,-1,55,116,117,-1,117,116,118,-1,117,118,103,-1,103,118,119,-1,103,119,101,-1,108,120,103,-1,103,120,121,-1,103,121,122,-1,123,124,125,-1,121,126,122,-1,122,126,123,-1,122,123,127,-1,127,123,125,-1,126,128,123,-1,123,128,129,-1,123,129,130,-1,130,131,123,-1,123,131,132,-1,123,132,124,-1,133,134,135,-1,135,134,136,-1,135,136,137,-1,138,122,139,-1,139,122,140,-1,139,140,135,-1,135,140,141,-1,135,141,133,-1,142,103,143,-1,143,103,122,-1,143,122,144,-1,144,122,138,-1,142,145,103,-1,103,145,146,-1,103,146,147,-1,148,149,150,-1,150,149,151,-1,152,153,154,-1,155,156,152,-1,152,156,157,-1,152,157,153,-1,154,158,152,-1,152,158,159,-1,152,159,155,-1,159,160,155,-1,155,160,161,-1,155,161,162,-1,162,163,155,-1,155,163,164,-1,155,164,150,-1,150,164,165,-1,150,165,166,-1,166,167,150,-1,150,167,168,-1,150,168,169,-1,169,170,150,-1,150,170,171,-1,150,171,172,-1,11,173,174,-1,11,149,175,-1,176,177,178,-1,178,177,175,-1,179,176,180,-1,180,176,178,-1,180,178,181,-1,181,178,182,-1,3,1,11,-1,11,1,183,-1,11,183,184,-1,185,186,184,-1,184,186,187,-1,184,187,11,-1,11,187,188,-1,11,188,149,-1,149,188,189,-1,149,189,151,-1,184,190,191,-1,191,192,184,-1,184,192,193,-1,184,193,194,-1,194,195,184,-1,184,195,196,-1,184,196,185,-1,197,198,199,-1,197,199,200,-1,198,201,199,-1,199,201,202,-1,199,202,203,-1,203,202,204,-1,203,204,190,-1,190,204,205,-1,190,205,191,-1,206,207,179,-1,179,207,208,-1,179,208,176,-1,176,208,209,-1,175,177,11,-1,11,177,210,-1,11,210,173,-1,173,210,211,-1,173,211,212,-1,213,214,173,-1,212,215,173,-1,173,215,216,-1,173,216,213,-1,214,217,173,-1,173,217,218,-1,173,218,219,-1,219,218,220,-1,219,220,221,-1,221,222,219,-1,219,222,223,-1,219,223,224,-1,224,225,219,-1,219,225,226,-1,219,226,227,-1,10,228,9,-1,9,228,75,-1,9,75,229,-1,229,75,226,-1,229,226,199,-1,199,226,230,-1,199,230,200,-1,225,176,226,-1,226,176,209,-1,226,209,230,-1,230,209,148,-1,230,148,231,-1,231,148,232,-1,172,233,150,-1,150,233,234,-1,150,234,148,-1,148,234,235,-1,148,235,232,-1,236,237,238,-1,238,237,239,-1,238,239,240,-1,241,242,239,-1,239,242,243,-1,239,243,240,-1,244,245,246,-1,247,248,226,-1,248,247,249,-1,250,251,252,-1,253,254,255,-1,256,257,258,-1,259,260,261,-1,261,260,262,-1,263,264,265,-1,265,264,256,-1,258,266,226,-1,226,266,267,-1,226,267,247,-1,266,268,267,-1,267,268,269,-1,267,269,270,-1,270,271,267,-1,267,271,272,-1,267,272,273,-1,273,274,267,-1,267,274,275,-1,267,275,276,-1,276,275,277,-1,276,277,278,-1,278,279,276,-1,276,279,280,-1,276,280,281,-1,281,282,276,-1,276,282,255,-1,276,255,252,-1,252,255,254,-1,252,254,250,-1,258,257,283,-1,282,284,255,-1,255,284,283,-1,255,283,285,-1,285,283,257,-1,285,257,286,-1,246,287,244,-1,244,287,288,-1,244,288,241,-1,241,288,289,-1,241,289,242,-1,242,289,290,-1,242,290,286,-1,286,290,291,-1,286,291,292,-1,292,293,286,-1,286,293,294,-1,286,294,285,-1,295,296,44,-1,44,296,79,-1,44,79,45,-1,45,79,83,-1,45,83,98,-1,297,298,299,-1,299,298,300,-1,299,300,301,-1,302,303,295,-1,295,303,304,-1,304,305,295,-1,295,305,306,-1,295,306,307,-1,307,306,308,-1,308,309,307,-1,307,309,310,-1,307,310,311,-1,312,313,314,-1,314,313,315,-1,314,315,316,-1,316,315,317,-1,318,319,317,-1,317,319,320,-1,317,320,316,-1,321,322,317,-1,317,322,323,-1,317,323,324,-1,324,325,317,-1,317,325,326,-1,317,326,318,-1,327,328,298,-1,298,328,329,-1,298,329,300,-1,330,331,298,-1,298,331,332,-1,298,332,327,-1,333,334,335,-1,335,334,336,-1,335,336,337,-1,337,336,338,-1,337,338,339,-1,339,338,340,-1,335,341,333,-1,333,341,342,-1,333,342,343,-1,343,344,333,-1,333,344,345,-1,333,345,346,-1,346,345,347,-1,346,347,348,-1,348,347,349,-1,348,349,236,-1,349,350,236,-1,236,350,351,-1,236,351,237,-1,237,351,352,-1,237,352,353,-1,354,355,356,-1,356,355,357,-1,356,357,358,-1,353,359,237,-1,237,359,360,-1,237,360,361,-1,361,360,362,-1,361,362,363,-1,363,362,356,-1,363,356,364,-1,364,356,358,-1,365,299,366,-1,366,299,367,-1,366,367,368,-1,368,367,369,-1,368,369,356,-1,356,369,370,-1,356,370,354,-1,75,74,226,-1,226,74,371,-1,226,371,372,-1,373,374,375,-1,376,377,375,-1,375,377,378,-1,375,378,373,-1,379,380,375,-1,375,380,381,-1,375,381,376,-1,374,382,375,-1,375,382,383,-1,375,383,384,-1,384,385,375,-1,375,385,386,-1,375,386,379,-1,379,386,387,-1,379,387,388,-1,389,390,391,-1,391,390,392,-1,391,392,387,-1,387,392,393,-1,387,393,388,-1,389,394,390,-1,390,394,395,-1,390,395,396,-1,396,395,297,-1,396,297,397,-1,397,297,299,-1,397,299,398,-1,398,299,365,-1,394,399,395,-1,395,399,400,-1,395,400,401,-1,401,400,402,-1,401,402,403,-1,404,405,406,-1,406,405,407,-1,406,407,403,-1,403,407,408,-1,403,408,401,-1,409,410,372,-1,409,372,411,-1,404,406,372,-1,372,406,412,-1,372,412,411,-1,410,243,372,-1,372,243,242,-1,372,242,226,-1,226,242,413,-1,226,413,258,-1,258,413,261,-1,258,261,256,-1,256,261,262,-1,256,262,265,-1,414,415,372,-1,372,415,416,-1,372,416,404,-1,417,418,372,-1,372,418,419,-1,372,419,414,-1,420,421,422,-1,422,421,417,-1,417,421,418,-1,418,421,423,-1,418,423,314,-1,424,425,423,-1,423,425,307,-1,423,307,314,-1,314,307,311,-1,314,311,312,-1,247,253,249,-1,249,253,255,-1,249,255,426,-1,426,255,427,-1,427,428,46,-1,46,428,429,-1,429,430,46,-1,46,430,431,-1,46,431,44,-1,44,431,299,-1,44,299,295,-1,295,299,301,-1,295,301,302,-1,427,46,426,-1,426,46,432,-1,426,432,433,-1,433,432,434,-1,433,434,435,-1,435,434,436,-1,435,436,437,-1,437,436,438,-1,437,438,439,-1,439,438,440,-1,439,440,441,-1,441,440,442,-1,441,442,443,-1,443,442,444,-1,443,444,445,-1,445,444,446,-1,445,446,447,-1,447,446,448,-1,447,448,449,-1,449,448,450,-1,449,450,451,-1,451,450,452,-1,451,452,453,-1,453,452,454,-1,453,454,455,-1,455,454,456,-1,455,456,457,-1,457,456,458,-1,457,458,459,-1,459,458,460,-1,459,460,461,-1,461,460,462,-1,461,462,463,-1,463,462,464,-1,463,464,465,-1,465,464,466,-1,465,466,467,-1,467,466,468,-1,467,468,469,-1,469,468,470,-1,469,470,471,-1,471,470,472,-1,471,472,473,-1,473,472,474,-1,473,474,475,-1,475,474,476,-1,475,476,477,-1,477,476,478,-1,477,478,479,-1,479,478,480,-1,479,480,481,-1,481,480,13,-1,481,13,482,-1,482,13,11,-1,482,11,483,-1,483,11,174,-1,483,174,248,-1,248,174,484,-1,248,484,226,-1,226,484,485,-1,226,485,227,-1,227,485,486,-1,227,486,487,-1,50,52,46,-1,46,52,488,-1,46,488,432,-1,432,488,489,-1,432,489,434,-1,434,489,490,-1,434,490,436,-1,436,490,491,-1,436,491,438,-1,438,491,492,-1,438,492,440,-1,440,492,493,-1,440,493,442,-1,442,493,494,-1,442,494,444,-1,444,494,495,-1,444,495,446,-1,446,495,496,-1,446,496,448,-1,448,496,497,-1,448,497,450,-1,450,497,498,-1,450,498,452,-1,452,498,499,-1,452,499,454,-1,454,499,500,-1,454,500,456,-1,456,500,501,-1,456,501,458,-1,458,501,502,-1,458,502,460,-1,460,502,503,-1,460,503,462,-1,462,503,504,-1,462,504,464,-1,464,504,505,-1,464,505,466,-1,466,505,506,-1,466,506,468,-1,468,506,507,-1,468,507,470,-1,470,507,508,-1,470,508,472,-1,472,508,509,-1,472,509,474,-1,474,509,510,-1,474,510,476,-1,476,510,511,-1,476,511,478,-1,478,511,512,-1,478,512,480,-1,480,512,24,-1,480,24,13,-1,13,24,23,-1,13,23,14,-1,513,467,514,-1,514,467,469,-1,514,469,515,-1,515,469,471,-1,515,471,516,-1,516,471,473,-1,516,473,517,-1,518,457,519,-1,519,457,459,-1,519,459,520,-1,520,459,461,-1,520,461,521,-1,521,461,463,-1,521,463,513,-1,513,463,465,-1,513,465,467,-1,522,447,523,-1,523,447,449,-1,523,449,524,-1,524,449,451,-1,524,451,525,-1,525,451,453,-1,525,453,518,-1,518,453,455,-1,518,455,457,-1,526,437,527,-1,527,437,439,-1,527,439,528,-1,528,439,441,-1,528,441,529,-1,529,441,443,-1,529,443,522,-1,522,443,445,-1,522,445,447,-1,530,248,531,-1,531,248,249,-1,531,249,532,-1,532,249,426,-1,532,426,533,-1,533,426,433,-1,533,433,526,-1,526,433,435,-1,526,435,437,-1,473,475,517,-1,517,475,477,-1,517,477,534,-1,534,477,479,-1,534,479,535,-1,535,479,481,-1,535,481,536,-1,536,481,482,-1,536,482,530,-1,530,482,483,-1,530,483,248,-1,
        ]
    }
}
Shape{
    appearance Appearance {
        material  Material 	{
            diffuseColor 1.0 1.0 1.0
            specularColor 0.5019607843137255 0.5019607843137255 0.5019607843137255
            ambientIntensity 1.0
            transparency 0.0
            shininess 0.5
        }
    }
    geometry IndexedFaceSet {
        ccw TRUE
        solid FALSE
        coord DEF co Coordinate {
            point [
                -1.9699 0.0769 -1.9685, -1.9542 0.0389 -1.9685, -2.1063 -0.0019 -1.9685, -1.9488 -0.0019 -1.9685, -1.9542 -0.0426 -1.9685, -2.0655 0.1502 -1.9685, -2.0276 0.1345 -1.9685, -1.9949 0.1095 -1.9685, -2.185 0.1345 -1.9685, -2.1471 0.1502 -1.9685, -2.1063 0.1556 -1.9685, -2.2584 0.0389 -1.9685, -2.2427 0.0769 -1.9685, -2.2177 0.1095 -1.9685, -2.2427 -0.0806 -1.9685, -2.2584 -0.0426 -1.9685, -2.2638 -0.0019 -1.9685, -2.1471 -0.154 -1.9685, -2.185 -0.1383 -1.9685, -2.2177 -0.1132 -1.9685, -2.0276 -0.1383 -1.9685, -2.0655 -0.154 -1.9685, -2.1063 -0.1593 -1.9685, -1.9699 -0.0806 -1.9685, -1.9949 -0.1132 -1.9685, -1.7126 -0.0019 0.7677, -1.3189 0.0389 0.7624, -1.7126 0.0389 0.7624, -1.3189 0.0769 0.7466, -1.7126 0.0769 0.7466, -1.3189 0.1095 0.7216, -1.7126 0.1095 0.7216, -1.3189 0.1345 0.689, -1.7126 0.1345 0.689, -1.3189 0.1502 0.651, -1.7126 0.1502 0.651, -1.3189 0.1556 0.6102, -1.7126 0.1556 0.6102, -1.3189 0.1502 0.5695, -1.7126 0.1502 0.5695, -1.3189 0.1345 0.5315, -1.7126 0.1345 0.5315, -1.3189 0.1095 0.4989, -1.7126 0.1095 0.4989, -1.3189 0.0769 0.4739, -1.7126 0.0769 0.4739, -1.3189 0.0389 0.4581, -1.7126 0.0389 0.4581, -1.3189 -0.0019 0.4528, -1.7126 -0.0019 0.4528, -1.3189 -0.0426 0.4581, -1.7126 -0.0426 0.4581, -1.3189 -0.0806 0.4739, -1.7126 -0.0806 0.4739, -1.3189 -0.1132 0.4989, -1.7126 -0.1132 0.4989, -1.3189 -0.1383 0.5315, -1.7126 -0.1383 0.5315, -1.3189 -0.154 0.5695, -1.7126 -0.154 0.5695, -1.3189 -0.1593 0.6102, -1.7126 -0.1593 0.6102, -1.3189 -0.154 0.651, -1.7126 -0.154 0.651, -1.3189 -0.1383 0.689, -1.7126 -0.1383 0.689, -1.3189 -0.1132 0.7216, -1.7126 -0.1132 0.7216, -1.3189 -0.0806 0.7466, -1.7126 -0.0806 0.7466, -1.3189 -0.0426 0.7624, -1.7126 -0.0426 0.7624, -1.3189 -0.0019 0.7677, -1.9488 -0.0019 0.2165, -1.9459 -0.0019 0.2535, -1.9542 -0.0426 0.2165, -1.9512 -0.0426 0.2543, -1.9699 -0.0806 0.2165, -1.9667 -0.0806 0.2568, -1.9949 -0.1132 0.2165, -1.9915 -0.1132 0.2607, -2.0276 -0.1383 0.2165, -2.0237 -0.1383 0.2658, -2.0655 -0.154 0.2165, -2.0612 -0.154 0.2718, -2.1063 -0.1593 0.2165, -2.1015 -0.1593 0.2781, -2.1471 -0.154 0.2165, -2.1417 -0.154 0.2845, -2.185 -0.1383 0.2165, -2.1792 -0.1383 0.2904, -2.2177 -0.1132 0.2165, -2.2114 -0.1132 0.2955, -2.2427 -0.0806 0.2165, -2.2362 -0.0806 0.2995, -2.2584 -0.0426 0.2165, -2.2517 -0.0426 0.3019, -2.2638 -0.0019 0.2165, -2.257 -0.0019 0.3028, -2.2584 0.0389 0.2165, -2.2517 0.0389 0.3019, -2.2427 0.0769 0.2165, -2.2362 0.0769 0.2995, -2.2177 0.1095 0.2165, -2.2114 0.1095 0.2955, -2.185 0.1345 0.2165, -2.1792 0.1345 0.2904, -2.1471 0.1502 0.2165, -2.1417 0.1502 0.2845, -2.1063 0.1556 0.2165, -2.1015 0.1556 0.2781, -2.0655 0.1502 0.2165, -2.0612 0.1502 0.2718, -2.0276 0.1345 0.2165, -2.0237 0.1345 0.2658, -1.9949 0.1095 0.2165, -1.9915 0.1095 0.2607, -1.9699 0.0769 0.2165, -1.9667 0.0769 0.2568, -1.9542 0.0389 0.2165, -1.9512 0.0389 0.2543, -1.9373 -0.0019 0.2895, -1.9424 -0.0426 0.2912, -1.9573 -0.0806 0.2961, -1.9811 -0.1132 0.3038, -2.0121 -0.1383 0.3139, -2.0483 -0.154 0.3256, -2.087 -0.1593 0.3382, -2.1258 -0.154 0.3508, -2.1619 -0.1383 0.3625, -2.1929 -0.1132 0.3726, -2.2167 -0.0806 0.3803, -2.2317 -0.0426 0.3852, -2.2368 -0.0019 0.3869, -2.2317 0.0389 0.3852, -2.2167 0.0769 0.3803, -2.1929 0.1095 0.3726, -2.1619 0.1345 0.3625, -2.1258 0.1502 0.3508, -2.087 0.1556 0.3382, -2.0483 0.1502 0.3256, -2.0121 0.1345 0.3139, -1.9811 0.1095 0.3038, -1.9573 0.0769 0.2961, -1.9424 0.0389 0.2912, -1.9231 -0.0019 0.3238, -1.9279 -0.0426 0.3262, -1.9419 -0.0806 0.3334, -1.9642 -0.1132 0.3447, -1.9932 -0.1383 0.3595, -2.0271 -0.154 0.3768, -2.0634 -0.1593 0.3953, -2.0997 -0.154 0.4138, -2.1335 -0.1383 0.431, -2.1626 -0.1132 0.4458, -2.1849 -0.0806 0.4572, -2.1989 -0.0426 0.4643, -2.2037 -0.0019 0.4668, -2.1989 0.0389 0.4643, -2.1849 0.0769 0.4572, -2.1626 0.1095 0.4458, -2.1335 0.1345 0.431, -2.0997 0.1502 0.4138, -2.0634 0.1556 0.3953, -2.0271 0.1502 0.3768, -1.9932 0.1345 0.3595, -1.9642 0.1095 0.3447, -1.9419 0.0769 0.3334, -1.9279 0.0389 0.3262, -1.9037 -0.0019 0.3554, -1.908 -0.0426 0.3585, -1.9208 -0.0806 0.3678, -1.941 -0.1132 0.3825, -1.9674 -0.1383 0.4017, -1.9981 -0.154 0.424, -2.0311 -0.1593 0.448, -2.0641 -0.154 0.4719, -2.0948 -0.1383 0.4942, -2.1212 -0.1132 0.5134, -2.1414 -0.0806 0.5281, -2.1542 -0.0426 0.5374, -2.1585 -0.0019 0.5405, -2.1542 0.0389 0.5374, -2.1414 0.0769 0.5281, -2.1212 0.1095 0.5134, -2.0948 0.1345 0.4942, -2.0641 0.1502 0.4719, -2.0311 0.1556 0.448, -1.9981 0.1502 0.424, -1.9674 0.1345 0.4017, -1.941 0.1095 0.3825, -1.9208 0.0769 0.3678, -1.908 0.0389 0.3585, -1.8796 -0.0019 0.3836, -1.8834 -0.0426 0.3874, -1.8946 -0.0806 0.3985, -1.9122 -0.1132 0.4162, -1.9353 -0.1383 0.4393, -1.9622 -0.154 0.4661, -1.991 -0.1593 0.4949, -2.0198 -0.154 0.5237, -2.0467 -0.1383 0.5506, -2.0697 -0.1132 0.5737, -2.0874 -0.0806 0.5914, -2.0985 -0.0426 0.6025, -2.1023 -0.0019 0.6063, -2.0985 0.0389 0.6025, -2.0874 0.0769 0.5914, -2.0697 0.1095 0.5737, -2.0467 0.1345 0.5506, -2.0198 0.1502 0.5237, -1.991 0.1556 0.4949, -1.9622 0.1502 0.4661, -1.9353 0.1345 0.4393, -1.9122 0.1095 0.4162, -1.8946 0.0769 0.3985, -1.8834 0.0389 0.3874, -1.8514 -0.0019 0.4076, -1.8546 -0.0426 0.412, -1.8638 -0.0806 0.4247, -1.8786 -0.1132 0.445, -1.8977 -0.1383 0.4713, -1.9201 -0.154 0.5021, -1.944 -0.1593 0.5351, -1.968 -0.154 0.568, -1.9903 -0.1383 0.5988, -2.0095 -0.1132 0.6251, -2.0242 -0.0806 0.6454, -2.0334 -0.0426 0.6581, -2.0366 -0.0019 0.6625, -2.0334 0.0389 0.6581, -2.0242 0.0769 0.6454, -2.0095 0.1095 0.6251, -1.9903 0.1345 0.5988, -1.968 0.1502 0.568, -1.944 0.1556 0.5351, -1.9201 0.1502 0.5021, -1.8977 0.1345 0.4713, -1.8786 0.1095 0.445, -1.8638 0.0769 0.4247, -1.8546 0.0389 0.412, -1.8198 -0.0019 0.427, -1.8223 -0.0426 0.4318, -1.8294 -0.0806 0.4458, -1.8408 -0.1132 0.4681, -1.8556 -0.1383 0.4972, -1.8728 -0.154 0.531, -1.8913 -0.1593 0.5673, -1.9098 -0.154 0.6036, -1.9271 -0.1383 0.6375, -1.9419 -0.1132 0.6665, -1.9533 -0.0806 0.6888, -1.9604 -0.0426 0.7029, -1.9628 -0.0019 0.7076, -1.9604 0.0389 0.7029, -1.9533 0.0769 0.6888, -1.9419 0.1095 0.6665, -1.9271 0.1345 0.6375, -1.9098 0.1502 0.6036, -1.8913 0.1556 0.5673, -1.8728 0.1502 0.531, -1.8556 0.1345 0.4972, -1.8408 0.1095 0.4681, -1.8294 0.0769 0.4458, -1.8223 0.0389 0.4318, -1.7856 -0.0019 0.4412, -1.7873 -0.0426 0.4463, -1.7921 -0.0806 0.4613, -1.7998 -0.1132 0.4851, -1.8099 -0.1383 0.5161, -1.8217 -0.154 0.5522, -1.8343 -0.1593 0.591, -1.8469 -0.154 0.6297, -1.8586 -0.1383 0.6659, -1.8687 -0.1132 0.6969, -1.8764 -0.0806 0.7207, -1.8813 -0.0426 0.7356, -1.8829 -0.0019 0.7407, -1.8813 0.0389 0.7356, -1.8764 0.0769 0.7207, -1.8687 0.1095 0.6969, -1.8586 0.1345 0.6659, -1.8469 0.1502 0.6297, -1.8343 0.1556 0.591, -1.8217 0.1502 0.5522, -1.8099 0.1345 0.5161, -1.7998 0.1095 0.4851, -1.7921 0.0769 0.4613, -1.7873 0.0389 0.4463, -1.7496 -0.0019 0.4499, -1.7504 -0.0426 0.4552, -1.7529 -0.0806 0.4707, -1.7568 -0.1132 0.4954, -1.7619 -0.1383 0.5276, -1.7678 -0.154 0.5651, -1.7742 -0.1593 0.6054, -1.7806 -0.154 0.6457, -1.7865 -0.1383 0.6832, -1.7916 -0.1132 0.7154, -1.7955 -0.0806 0.7401, -1.798 -0.0426 0.7556, -1.7988 -0.0019 0.7609, -1.798 0.0389 0.7556, -1.7955 0.0769 0.7401, -1.7916 0.1095 0.7154, -1.7865 0.1345 0.6832, -1.7806 0.1502 0.6457, -1.7742 0.1556 0.6054, -1.7678 0.1502 0.5651, -1.7619 0.1345 0.5276, -1.7568 0.1095 0.4954, -1.7529 0.0769 0.4707, -1.7504 0.0389 0.4552
            ]
        }
        coordIndex [
            0,1,2,-1,2,1,3,-1,2,3,4,-1,5,6,2,-1,2,6,7,-1,2,7,0,-1,8,9,2,-1,2,9,10,-1,2,10,5,-1,11,12,2,-1,2,12,13,-1,2,13,8,-1,14,15,2,-1,2,15,16,-1,2,16,11,-1,17,18,2,-1,2,18,19,-1,2,19,14,-1,20,21,2,-1,2,21,22,-1,2,22,17,-1,4,23,2,-1,2,23,24,-1,2,24,20,-1,25,26,27,-1,27,26,28,-1,27,28,29,-1,29,28,30,-1,29,30,31,-1,31,30,32,-1,31,32,33,-1,33,32,34,-1,33,34,35,-1,35,34,36,-1,35,36,37,-1,37,36,38,-1,37,38,39,-1,39,38,40,-1,39,40,41,-1,41,40,42,-1,41,42,43,-1,43,42,44,-1,43,44,45,-1,45,44,46,-1,45,46,47,-1,47,46,48,-1,47,48,49,-1,49,48,50,-1,49,50,51,-1,51,50,52,-1,51,52,53,-1,53,52,54,-1,53,54,55,-1,55,54,56,-1,55,56,57,-1,57,56,58,-1,57,58,59,-1,59,58,60,-1,59,60,61,-1,61,60,62,-1,61,62,63,-1,63,62,64,-1,63,64,65,-1,65,64,66,-1,65,66,67,-1,67,66,68,-1,67,68,69,-1,69,68,70,-1,69,70,71,-1,71,70,72,-1,71,72,25,-1,25,72,26,-1,73,74,75,-1,75,74,76,-1,75,76,77,-1,77,76,78,-1,77,78,79,-1,79,78,80,-1,79,80,81,-1,81,80,82,-1,81,82,83,-1,83,82,84,-1,83,84,85,-1,85,84,86,-1,85,86,87,-1,87,86,88,-1,87,88,89,-1,89,88,90,-1,89,90,91,-1,91,90,92,-1,91,92,93,-1,93,92,94,-1,93,94,95,-1,95,94,96,-1,95,96,97,-1,97,96,98,-1,97,98,99,-1,99,98,100,-1,99,100,101,-1,101,100,102,-1,101,102,103,-1,103,102,104,-1,103,104,105,-1,105,104,106,-1,105,106,107,-1,107,106,108,-1,107,108,109,-1,109,108,110,-1,109,110,111,-1,111,110,112,-1,111,112,113,-1,113,112,114,-1,113,114,115,-1,115,114,116,-1,115,116,117,-1,117,116,118,-1,117,118,119,-1,119,118,120,-1,119,120,73,-1,73,120,74,-1,74,121,76,-1,76,121,122,-1,76,122,78,-1,78,122,123,-1,78,123,80,-1,80,123,124,-1,80,124,82,-1,82,124,125,-1,82,125,84,-1,84,125,126,-1,84,126,86,-1,86,126,127,-1,86,127,88,-1,88,127,128,-1,88,128,90,-1,90,128,129,-1,90,129,92,-1,92,129,130,-1,92,130,94,-1,94,130,131,-1,94,131,96,-1,96,131,132,-1,96,132,98,-1,98,132,133,-1,98,133,100,-1,100,133,134,-1,100,134,102,-1,102,134,135,-1,102,135,104,-1,104,135,136,-1,104,136,106,-1,106,136,137,-1,106,137,108,-1,108,137,138,-1,108,138,110,-1,110,138,139,-1,110,139,112,-1,112,139,140,-1,112,140,114,-1,114,140,141,-1,114,141,116,-1,116,141,142,-1,116,142,118,-1,118,142,143,-1,118,143,120,-1,120,143,144,-1,120,144,74,-1,74,144,121,-1,121,145,122,-1,122,145,146,-1,122,146,123,-1,123,146,147,-1,123,147,124,-1,124,147,148,-1,124,148,125,-1,125,148,149,-1,125,149,126,-1,126,149,150,-1,126,150,127,-1,127,150,151,-1,127,151,128,-1,128,151,152,-1,128,152,129,-1,129,152,153,-1,129,153,130,-1,130,153,154,-1,130,154,131,-1,131,154,155,-1,131,155,132,-1,132,155,156,-1,132,156,133,-1,133,156,157,-1,133,157,134,-1,134,157,158,-1,134,158,135,-1,135,158,159,-1,135,159,136,-1,136,159,160,-1,136,160,137,-1,137,160,161,-1,137,161,138,-1,138,161,162,-1,138,162,139,-1,139,162,163,-1,139,163,140,-1,140,163,164,-1,140,164,141,-1,141,164,165,-1,141,165,142,-1,142,165,166,-1,142,166,143,-1,143,166,167,-1,143,167,144,-1,144,167,168,-1,144,168,121,-1,121,168,145,-1,145,169,146,-1,146,169,170,-1,146,170,147,-1,147,170,171,-1,147,171,148,-1,148,171,172,-1,148,172,149,-1,149,172,173,-1,149,173,150,-1,150,173,174,-1,150,174,151,-1,151,174,175,-1,151,175,152,-1,152,175,176,-1,152,176,153,-1,153,176,177,-1,153,177,154,-1,154,177,178,-1,154,178,155,-1,155,178,179,-1,155,179,156,-1,156,179,180,-1,156,180,157,-1,157,180,181,-1,157,181,158,-1,158,181,182,-1,158,182,159,-1,159,182,183,-1,159,183,160,-1,160,183,184,-1,160,184,161,-1,161,184,185,-1,161,185,162,-1,162,185,186,-1,162,186,163,-1,163,186,187,-1,163,187,164,-1,164,187,188,-1,164,188,165,-1,165,188,189,-1,165,189,166,-1,166,189,190,-1,166,190,167,-1,167,190,191,-1,167,191,168,-1,168,191,192,-1,168,192,145,-1,145,192,169,-1,169,193,170,-1,170,193,194,-1,170,194,171,-1,171,194,195,-1,171,195,172,-1,172,195,196,-1,172,196,173,-1,173,196,197,-1,173,197,174,-1,174,197,198,-1,174,198,175,-1,175,198,199,-1,175,199,176,-1,176,199,200,-1,176,200,177,-1,177,200,201,-1,177,201,178,-1,178,201,202,-1,178,202,179,-1,179,202,203,-1,179,203,180,-1,180,203,204,-1,180,204,181,-1,181,204,205,-1,181,205,182,-1,182,205,206,-1,182,206,183,-1,183,206,207,-1,183,207,184,-1,184,207,208,-1,184,208,185,-1,185,208,209,-1,185,209,186,-1,186,209,210,-1,186,210,187,-1,187,210,211,-1,187,211,188,-1,188,211,212,-1,188,212,189,-1,189,212,213,-1,189,213,190,-1,190,213,214,-1,190,214,191,-1,191,214,215,-1,191,215,192,-1,192,215,216,-1,192,216,169,-1,169,216,193,-1,193,217,194,-1,194,217,218,-1,194,218,195,-1,195,218,219,-1,195,219,196,-1,196,219,220,-1,196,220,197,-1,197,220,221,-1,197,221,198,-1,198,221,222,-1,198,222,199,-1,199,222,223,-1,199,223,200,-1,200,223,224,-1,200,224,201,-1,201,224,225,-1,201,225,202,-1,202,225,226,-1,202,226,203,-1,203,226,227,-1,203,227,204,-1,204,227,228,-1,204,228,205,-1,205,228,229,-1,205,229,206,-1,206,229,230,-1,206,230,207,-1,207,230,231,-1,207,231,208,-1,208,231,232,-1,208,232,209,-1,209,232,233,-1,209,233,210,-1,210,233,234,-1,210,234,211,-1,211,234,235,-1,211,235,212,-1,212,235,236,-1,212,236,213,-1,213,236,237,-1,213,237,214,-1,214,237,238,-1,214,238,215,-1,215,238,239,-1,215,239,216,-1,216,239,240,-1,216,240,193,-1,193,240,217,-1,217,241,218,-1,218,241,242,-1,218,242,219,-1,219,242,243,-1,219,243,220,-1,220,243,244,-1,220,244,221,-1,221,244,245,-1,221,245,222,-1,222,245,246,-1,222,246,223,-1,223,246,247,-1,223,247,224,-1,224,247,248,-1,224,248,225,-1,225,248,249,-1,225,249,226,-1,226,249,250,-1,226,250,227,-1,227,250,251,-1,227,251,228,-1,228,251,252,-1,228,252,229,-1,229,252,253,-1,229,253,230,-1,230,253,254,-1,230,254,231,-1,231,254,255,-1,231,255,232,-1,232,255,256,-1,232,256,233,-1,233,256,257,-1,233,257,234,-1,234,257,258,-1,234,258,235,-1,235,258,259,-1,235,259,236,-1,236,259,260,-1,236,260,237,-1,237,260,261,-1,237,261,238,-1,238,261,262,-1,238,262,239,-1,239,262,263,-1,239,263,240,-1,240,263,264,-1,240,264,217,-1,217,264,241,-1,241,265,242,-1,242,265,266,-1,242,266,243,-1,243,266,267,-1,243,267,244,-1,244,267,268,-1,244,268,245,-1,245,268,269,-1,245,269,246,-1,246,269,270,-1,246,270,247,-1,247,270,271,-1,247,271,248,-1,248,271,272,-1,248,272,249,-1,249,272,273,-1,249,273,250,-1,250,273,274,-1,250,274,251,-1,251,274,275,-1,251,275,252,-1,252,275,276,-1,252,276,253,-1,253,276,277,-1,253,277,254,-1,254,277,278,-1,254,278,255,-1,255,278,279,-1,255,279,256,-1,256,279,280,-1,256,280,257,-1,257,280,281,-1,257,281,258,-1,258,281,282,-1,258,282,259,-1,259,282,283,-1,259,283,260,-1,260,283,284,-1,260,284,261,-1,261,284,285,-1,261,285,262,-1,262,285,286,-1,262,286,263,-1,263,286,287,-1,263,287,264,-1,264,287,288,-1,264,288,241,-1,241,288,265,-1,265,289,266,-1,266,289,290,-1,266,290,267,-1,267,290,291,-1,267,291,268,-1,268,291,292,-1,268,292,269,-1,269,292,293,-1,269,293,270,-1,270,293,294,-1,270,294,271,-1,271,294,295,-1,271,295,272,-1,272,295,296,-1,272,296,273,-1,273,296,297,-1,273,297,274,-1,274,297,298,-1,274,298,275,-1,275,298,299,-1,275,299,276,-1,276,299,300,-1,276,300,277,-1,277,300,301,-1,277,301,278,-1,278,301,302,-1,278,302,279,-1,279,302,303,-1,279,303,280,-1,280,303,304,-1,280,304,281,-1,281,304,305,-1,281,305,282,-1,282,305,306,-1,282,306,283,-1,283,306,307,-1,283,307,284,-1,284,307,308,-1,284,308,285,-1,285,308,309,-1,285,309,286,-1,286,309,310,-1,286,310,287,-1,287,310,311,-1,287,311,288,-1,288,311,312,-1,288,312,265,-1,265,312,289,-1,289,49,290,-1,290,49,51,-1,290,51,291,-1,291,51,53,-1,291,53,292,-1,292,53,55,-1,292,55,293,-1,293,55,57,-1,293,57,294,-1,294,57,59,-1,294,59,295,-1,295,59,61,-1,295,61,296,-1,296,61,63,-1,296,63,297,-1,297,63,65,-1,297,65,298,-1,298,65,67,-1,298,67,299,-1,299,67,69,-1,299,69,300,-1,300,69,71,-1,300,71,301,-1,301,71,25,-1,301,25,302,-1,302,25,27,-1,302,27,303,-1,303,27,29,-1,303,29,304,-1,304,29,31,-1,304,31,305,-1,305,31,33,-1,305,33,306,-1,306,33,35,-1,306,35,307,-1,307,35,37,-1,307,37,308,-1,308,37,39,-1,308,39,309,-1,309,39,41,-1,309,41,310,-1,310,41,43,-1,310,43,311,-1,311,43,45,-1,311,45,312,-1,312,45,47,-1,312,47,289,-1,289,47,49,-1,16,99,11,-1,11,99,101,-1,11,101,12,-1,12,101,103,-1,12,103,13,-1,13,103,105,-1,13,105,8,-1,8,105,107,-1,8,107,9,-1,9,107,109,-1,9,109,10,-1,10,109,111,-1,10,111,5,-1,5,111,113,-1,5,113,6,-1,6,113,115,-1,6,115,7,-1,7,115,117,-1,7,117,0,-1,0,117,119,-1,0,119,1,-1,1,119,73,-1,1,73,3,-1,3,73,75,-1,3,75,4,-1,4,75,77,-1,4,77,23,-1,23,77,79,-1,23,79,24,-1,24,79,81,-1,24,81,20,-1,20,81,83,-1,20,83,21,-1,21,83,85,-1,21,85,22,-1,22,85,87,-1,22,87,17,-1,17,87,89,-1,17,89,18,-1,18,89,91,-1,18,91,19,-1,19,91,93,-1,19,93,14,-1,14,93,95,-1,14,95,15,-1,15,95,97,-1,15,97,16,-1,16,97,99,-1,
        ]
    }
}
Shape{
    appearance Appearance {
        material  Material 	{
            diffuseColor 0.8941176470588236 0.8941176470588236 0.8941176470588236
            specularColor 0.4470588235294118 0.4470588235294118 0.4470588235294118
            ambientIntensity 0.8941
            transparency 0.0
            shininess 0.5
        }
    }
    geometry IndexedFaceSet {
        ccw TRUE
        solid FALSE
        coord DEF co Coordinate {
            point [
                0.9252 0.5748 0.7976, 0.9252 0.5785 0.7988, 0.9252 0.5232 0.9134, 0.9252 0.5266 0.9154, 0.9252 0.4487 1.0159, 0.9252 0.4516 1.0186, 0.9252 0.3545 1.1007, 0.9252 0.3568 1.1039, 0.9252 0.2447 1.1641, 0.9252 0.2463 1.1677, 0.9252 0.1242 1.2033, 0.9252 0.125 1.2071, 0.9252 -0.0019 1.2165, 0.9252 -0.0019 1.2205, 0.9252 -0.1279 1.2033, 0.9252 -0.1287 1.2071, 0.9252 -0.2485 1.1641, 0.9252 -0.2501 1.1677, 0.9252 -0.3582 1.1007, 0.9252 -0.3606 1.1039, 0.9252 -0.4524 1.0159, 0.9252 -0.4554 1.0186, 0.9252 -0.5269 0.9134, 0.9252 -0.5303 0.9154, 0.9252 -0.5785 0.7976, 0.9252 -0.5822 0.7988, 0.9252 -0.6048 0.6736, 0.9252 -0.6088 0.674, 0.9252 -0.6048 0.5469, 0.9252 -0.6088 0.5465, 0.9252 -0.5785 0.4229, 0.9252 -0.5822 0.4217, 0.9252 -0.5269 0.3071, 0.9252 -0.5303 0.3051, 0.9252 -0.4524 0.2045, 0.9252 -0.4554 0.2019, 0.9252 -0.3582 0.1197, 0.9252 -0.3606 0.1165, 0.9252 -0.2485 0.0564, 0.9252 -0.2501 0.0528, 0.9252 -0.1279 0.0172, 0.9252 -0.1287 0.0133, 0.9252 -0.0019 0.0039, 0.9252 -0.0019 0.0, 0.9252 0.1242 0.0172, 0.9252 0.125 0.0133, 0.9252 0.2447 0.0564, 0.9252 0.2463 0.0528, 0.9252 0.3545 0.1197, 0.9252 0.3568 0.1165, 0.9252 0.4487 0.2045, 0.9252 0.4516 0.2019, 0.9252 0.5232 0.3071, 0.9252 0.5266 0.3051, 0.9252 0.5748 0.4229, 0.9252 0.5785 0.4217, 0.9252 0.6011 0.5469, 0.9252 0.605 0.5465, 0.9252 0.6011 0.6736, 0.9252 0.605 0.674, 1.3189 -0.0019 0.0039, 1.3189 0.1242 0.0172, 1.3189 0.2447 0.0564, 1.3189 0.3545 0.1197, 1.3189 0.4487 0.2045, 1.3189 0.5232 0.3071, 1.3189 0.5748 0.4229, 1.3189 0.6011 0.5469, 1.3189 0.6011 0.6736, 1.3189 0.5748 0.7976, 1.3189 0.5232 0.9134, 1.3189 0.4487 1.0159, 1.3189 0.3545 1.1007, 1.3189 0.2447 1.1641, 1.3189 0.1242 1.2033, 1.3189 -0.0019 1.2165, 1.3189 -0.1279 1.2033, 1.3189 -0.2485 1.1641, 1.3189 -0.3582 1.1007, 1.3189 -0.4524 1.0159, 1.3189 -0.5269 0.9134, 1.3189 -0.5785 0.7976, 1.3189 -0.6048 0.6736, 1.3189 -0.6048 0.5469, 1.3189 -0.5785 0.4229, 1.3189 -0.5269 0.3071, 1.3189 -0.4524 0.2045, 1.3189 -0.3582 0.1197, 1.3189 -0.2485 0.0564, 1.3189 -0.1279 0.0172
            ]
        }
        coordIndex [
            0,1,2,-1,2,1,3,-1,2,3,4,-1,4,3,5,-1,4,5,6,-1,6,5,7,-1,6,7,8,-1,8,7,9,-1,8,9,10,-1,10,9,11,-1,10,11,12,-1,12,11,13,-1,12,13,14,-1,14,13,15,-1,14,15,16,-1,16,15,17,-1,16,17,18,-1,18,17,19,-1,18,19,20,-1,20,19,21,-1,20,21,22,-1,22,21,23,-1,22,23,24,-1,24,23,25,-1,24,25,26,-1,26,25,27,-1,26,27,28,-1,28,27,29,-1,28,29,30,-1,30,29,31,-1,30,31,32,-1,32,31,33,-1,32,33,34,-1,34,33,35,-1,34,35,36,-1,36,35,37,-1,36,37,38,-1,38,37,39,-1,38,39,40,-1,40,39,41,-1,40,41,42,-1,42,41,43,-1,42,43,44,-1,44,43,45,-1,44,45,46,-1,46,45,47,-1,46,47,48,-1,48,47,49,-1,48,49,50,-1,50,49,51,-1,50,51,52,-1,52,51,53,-1,52,53,54,-1,54,53,55,-1,54,55,56,-1,56,55,57,-1,56,57,58,-1,58,57,59,-1,58,59,0,-1,0,59,1,-1,60,44,61,-1,61,44,46,-1,61,46,62,-1,62,46,48,-1,62,48,63,-1,63,48,50,-1,63,50,64,-1,64,50,52,-1,64,52,65,-1,65,52,54,-1,65,54,66,-1,66,54,56,-1,66,56,67,-1,67,56,58,-1,67,58,68,-1,68,58,0,-1,68,0,69,-1,69,0,2,-1,69,2,70,-1,70,2,4,-1,70,4,71,-1,71,4,6,-1,71,6,72,-1,72,6,8,-1,72,8,73,-1,73,8,10,-1,73,10,74,-1,74,10,12,-1,74,12,75,-1,75,12,14,-1,75,14,76,-1,76,14,16,-1,76,16,77,-1,77,16,18,-1,77,18,78,-1,78,18,20,-1,78,20,79,-1,79,20,22,-1,79,22,80,-1,80,22,24,-1,80,24,81,-1,81,24,26,-1,81,26,82,-1,82,26,28,-1,82,28,83,-1,83,28,30,-1,83,30,84,-1,84,30,32,-1,84,32,85,-1,85,32,34,-1,85,34,86,-1,86,34,36,-1,86,36,87,-1,87,36,38,-1,87,38,88,-1,88,38,40,-1,88,40,89,-1,89,40,42,-1,89,42,60,-1,60,42,44,-1,
        ]
    }
}
Shape{
    appearance Appearance {
        material  Material 	{
            diffuseColor 1.0 1.0 1.0
            specularColor 0.5019607843137255 0.5019607843137255 0.5019607843137255
            ambientIntensity 1.0
            transparency 0.0
            shininess 0.5
        }
    }
    geometry IndexedFaceSet {
        ccw TRUE
        solid FALSE
        coord DEF co Coordinate {
            point [
                1.9699 -0.0806 -1.9685, 1.9542 -0.0426 -1.9685, 2.1063 -0.0019 -1.9685, 1.9488 -0.0019 -1.9685, 1.9542 0.0389 -1.9685, 2.0655 -0.154 -1.9685, 2.0276 -0.1383 -1.9685, 1.9949 -0.1132 -1.9685, 2.185 -0.1383 -1.9685, 2.1471 -0.154 -1.9685, 2.1063 -0.1593 -1.9685, 2.2584 -0.0426 -1.9685, 2.2427 -0.0806 -1.9685, 2.2177 -0.1132 -1.9685, 2.2427 0.0769 -1.9685, 2.2584 0.0389 -1.9685, 2.2638 -0.0019 -1.9685, 2.1471 0.1502 -1.9685, 2.185 0.1345 -1.9685, 2.2177 0.1095 -1.9685, 2.0276 0.1345 -1.9685, 2.0655 0.1502 -1.9685, 2.1063 0.1556 -1.9685, 1.9699 0.0769 -1.9685, 1.9949 0.1095 -1.9685, 1.9542 0.0389 0.2165, 1.9699 0.0769 0.2165, 1.9949 0.1095 0.2165, 2.0276 0.1345 0.2165, 2.0655 0.1502 0.2165, 2.1063 0.1556 0.2165, 2.1471 0.1502 0.2165, 2.185 0.1345 0.2165, 2.2177 0.1095 0.2165, 2.2427 0.0769 0.2165, 2.2584 0.0389 0.2165, 2.2638 -0.0019 0.2165, 2.2584 -0.0426 0.2165, 2.2427 -0.0806 0.2165, 2.2177 -0.1132 0.2165, 2.185 -0.1383 0.2165, 2.1471 -0.154 0.2165, 2.1063 -0.1593 0.2165, 2.0655 -0.154 0.2165, 2.0276 -0.1383 0.2165, 1.9949 -0.1132 0.2165, 1.9699 -0.0806 0.2165, 1.9542 -0.0426 0.2165, 1.9488 -0.0019 0.2165, 1.9459 -0.0019 0.2535, 1.9512 0.0389 0.2543, 1.9667 0.0769 0.2568, 1.9915 0.1095 0.2607, 2.0237 0.1345 0.2658, 2.0612 0.1502 0.2718, 2.1015 0.1556 0.2781, 2.1417 0.1502 0.2845, 2.1792 0.1345 0.2904, 2.2114 0.1095 0.2955, 2.2362 0.0769 0.2995, 2.2517 0.0389 0.3019, 2.257 -0.0019 0.3028, 2.2517 -0.0426 0.3019, 2.2362 -0.0806 0.2995, 2.2114 -0.1132 0.2955, 2.1792 -0.1383 0.2904, 2.1417 -0.154 0.2845, 2.1015 -0.1593 0.2781, 2.0612 -0.154 0.2718, 2.0237 -0.1383 0.2658, 1.9915 -0.1132 0.2607, 1.9667 -0.0806 0.2568, 1.9512 -0.0426 0.2543, 1.9373 -0.0019 0.2895, 1.9424 0.0389 0.2912, 1.9573 0.0769 0.2961, 1.9811 0.1095 0.3038, 2.0121 0.1345 0.3139, 2.0483 0.1502 0.3256, 2.087 0.1556 0.3382, 2.1258 0.1502 0.3508, 2.1619 0.1345 0.3625, 2.1929 0.1095 0.3726, 2.2167 0.0769 0.3803, 2.2317 0.0389 0.3852, 2.2368 -0.0019 0.3869, 2.2317 -0.0426 0.3852, 2.2167 -0.0806 0.3803, 2.1929 -0.1132 0.3726, 2.1619 -0.1383 0.3625, 2.1258 -0.154 0.3508, 2.087 -0.1593 0.3382, 2.0483 -0.154 0.3256, 2.0121 -0.1383 0.3139, 1.9811 -0.1132 0.3038, 1.9573 -0.0806 0.2961, 1.9424 -0.0426 0.2912, 1.9231 -0.0019 0.3238, 1.9279 0.0389 0.3262, 1.9419 0.0769 0.3334, 1.9642 0.1095 0.3447, 1.9932 0.1345 0.3595, 2.0271 0.1502 0.3768, 2.0634 0.1556 0.3953, 2.0997 0.1502 0.4138, 2.1335 0.1345 0.431, 2.1626 0.1095 0.4458, 2.1849 0.0769 0.4572, 2.1989 0.0389 0.4643, 2.2037 -0.0019 0.4668, 2.1989 -0.0426 0.4643, 2.1849 -0.0806 0.4572, 2.1626 -0.1132 0.4458, 2.1335 -0.1383 0.431, 2.0997 -0.154 0.4138, 2.0634 -0.1593 0.3953, 2.0271 -0.154 0.3768, 1.9932 -0.1383 0.3595, 1.9642 -0.1132 0.3447, 1.9419 -0.0806 0.3334, 1.9279 -0.0426 0.3262, 1.9037 -0.0019 0.3554, 1.908 0.0389 0.3585, 1.9208 0.0769 0.3678, 1.941 0.1095 0.3825, 1.9674 0.1345 0.4017, 1.9981 0.1502 0.424, 2.0311 0.1556 0.448, 2.0641 0.1502 0.4719, 2.0948 0.1345 0.4942, 2.1212 0.1095 0.5134, 2.1414 0.0769 0.5281, 2.1542 0.0389 0.5374, 2.1585 -0.0019 0.5405, 2.1542 -0.0426 0.5374, 2.1414 -0.0806 0.5281, 2.1212 -0.1132 0.5134, 2.0948 -0.1383 0.4942, 2.0641 -0.154 0.4719, 2.0311 -0.1593 0.448, 1.9981 -0.154 0.424, 1.9674 -0.1383 0.4017, 1.941 -0.1132 0.3825, 1.9208 -0.0806 0.3678, 1.908 -0.0426 0.3585, 1.8796 -0.0019 0.3836, 1.8834 0.0389 0.3874, 1.8946 0.0769 0.3985, 1.9122 0.1095 0.4162, 1.9353 0.1345 0.4393, 1.9622 0.1502 0.4661, 1.991 0.1556 0.4949, 2.0198 0.1502 0.5237, 2.0467 0.1345 0.5506, 2.0697 0.1095 0.5737, 2.0874 0.0769 0.5914, 2.0985 0.0389 0.6025, 2.1023 -0.0019 0.6063, 2.0985 -0.0426 0.6025, 2.0874 -0.0806 0.5914, 2.0697 -0.1132 0.5737, 2.0467 -0.1383 0.5506, 2.0198 -0.154 0.5237, 1.991 -0.1593 0.4949, 1.9622 -0.154 0.4661, 1.9353 -0.1383 0.4393, 1.9122 -0.1132 0.4162, 1.8946 -0.0806 0.3985, 1.8834 -0.0426 0.3874, 1.8514 -0.0019 0.4076, 1.8546 0.0389 0.412, 1.8638 0.0769 0.4247, 1.8786 0.1095 0.445, 1.8977 0.1345 0.4713, 1.9201 0.1502 0.5021, 1.944 0.1556 0.5351, 1.968 0.1502 0.568, 1.9903 0.1345 0.5988, 2.0095 0.1095 0.6251, 2.0242 0.0769 0.6454, 2.0334 0.0389 0.6581, 2.0366 -0.0019 0.6625, 2.0334 -0.0426 0.6581, 2.0242 -0.0806 0.6454, 2.0095 -0.1132 0.6251, 1.9903 -0.1383 0.5988, 1.968 -0.154 0.568, 1.944 -0.1593 0.5351, 1.9201 -0.154 0.5021, 1.8977 -0.1383 0.4713, 1.8786 -0.1132 0.445, 1.8638 -0.0806 0.4247, 1.8546 -0.0426 0.412, 1.8198 -0.0019 0.427, 1.8223 0.0389 0.4318, 1.8294 0.0769 0.4458, 1.8408 0.1095 0.4681, 1.8556 0.1345 0.4972, 1.8728 0.1502 0.531, 1.8913 0.1556 0.5673, 1.9098 0.1502 0.6036, 1.9271 0.1345 0.6375, 1.9419 0.1095 0.6665, 1.9533 0.0769 0.6888, 1.9604 0.0389 0.7029, 1.9628 -0.0019 0.7076, 1.9604 -0.0426 0.7029, 1.9533 -0.0806 0.6888, 1.9419 -0.1132 0.6665, 1.9271 -0.1383 0.6375, 1.9098 -0.154 0.6036, 1.8913 -0.1593 0.5673, 1.8728 -0.154 0.531, 1.8556 -0.1383 0.4972, 1.8408 -0.1132 0.4681, 1.8294 -0.0806 0.4458, 1.8223 -0.0426 0.4318, 1.7856 -0.0019 0.4412, 1.7873 0.0389 0.4463, 1.7921 0.0769 0.4613, 1.7998 0.1095 0.4851, 1.8099 0.1345 0.5161, 1.8217 0.1502 0.5522, 1.8343 0.1556 0.591, 1.8469 0.1502 0.6297, 1.8586 0.1345 0.6659, 1.8687 0.1095 0.6969, 1.8764 0.0769 0.7207, 1.8813 0.0389 0.7356, 1.8829 -0.0019 0.7407, 1.8813 -0.0426 0.7356, 1.8764 -0.0806 0.7207, 1.8687 -0.1132 0.6969, 1.8586 -0.1383 0.6659, 1.8469 -0.154 0.6297, 1.8343 -0.1593 0.591, 1.8217 -0.154 0.5522, 1.8099 -0.1383 0.5161, 1.7998 -0.1132 0.4851, 1.7921 -0.0806 0.4613, 1.7873 -0.0426 0.4463, 1.7496 -0.0019 0.4499, 1.7504 0.0389 0.4552, 1.7529 0.0769 0.4707, 1.7568 0.1095 0.4954, 1.7619 0.1345 0.5276, 1.7678 0.1502 0.5651, 1.7742 0.1556 0.6054, 1.7806 0.1502 0.6457, 1.7865 0.1345 0.6832, 1.7916 0.1095 0.7154, 1.7955 0.0769 0.7401, 1.798 0.0389 0.7556, 1.7988 -0.0019 0.7609, 1.798 -0.0426 0.7556, 1.7955 -0.0806 0.7401, 1.7916 -0.1132 0.7154, 1.7865 -0.1383 0.6832, 1.7806 -0.154 0.6457, 1.7742 -0.1593 0.6054, 1.7678 -0.154 0.5651, 1.7619 -0.1383 0.5276, 1.7568 -0.1132 0.4954, 1.7529 -0.0806 0.4707, 1.7504 -0.0426 0.4552, 1.7126 -0.0019 0.4528, 1.7126 0.0389 0.4581, 1.7126 0.0769 0.4739, 1.7126 0.1095 0.4989, 1.7126 0.1345 0.5315, 1.7126 0.1502 0.5695, 1.7126 0.1556 0.6102, 1.7126 0.1502 0.651, 1.7126 0.1345 0.689, 1.7126 0.1095 0.7216, 1.7126 0.0769 0.7466, 1.7126 0.0389 0.7624, 1.7126 -0.0019 0.7677, 1.7126 -0.0426 0.7624, 1.7126 -0.0806 0.7466, 1.7126 -0.1132 0.7216, 1.7126 -0.1383 0.689, 1.7126 -0.154 0.651, 1.7126 -0.1593 0.6102, 1.7126 -0.154 0.5695, 1.7126 -0.1383 0.5315, 1.7126 -0.1132 0.4989, 1.7126 -0.0806 0.4739, 1.7126 -0.0426 0.4581, 1.3189 0.0389 0.4581, 1.3189 0.0769 0.4739, 1.3189 0.1095 0.4989, 1.3189 0.1345 0.5315, 1.3189 0.1502 0.5695, 1.3189 0.1556 0.6102, 1.3189 0.1502 0.651, 1.3189 0.1345 0.689, 1.3189 0.1095 0.7216, 1.3189 0.0769 0.7466, 1.3189 0.0389 0.7624, 1.3189 -0.0019 0.7677, 1.3189 -0.0426 0.7624, 1.3189 -0.0806 0.7466, 1.3189 -0.1132 0.7216, 1.3189 -0.1383 0.689, 1.3189 -0.154 0.651, 1.3189 -0.1593 0.6102, 1.3189 -0.154 0.5695, 1.3189 -0.1383 0.5315, 1.3189 -0.1132 0.4989, 1.3189 -0.0806 0.4739, 1.3189 -0.0426 0.4581, 1.3189 -0.0019 0.4528
            ]
        }
        coordIndex [
            0,1,2,-1,2,1,3,-1,2,3,4,-1,5,6,2,-1,2,6,7,-1,2,7,0,-1,8,9,2,-1,2,9,10,-1,2,10,5,-1,11,12,2,-1,2,12,13,-1,2,13,8,-1,14,15,2,-1,2,15,16,-1,2,16,11,-1,17,18,2,-1,2,18,19,-1,2,19,14,-1,20,21,2,-1,2,21,22,-1,2,22,17,-1,4,23,2,-1,2,23,24,-1,2,24,20,-1,3,25,4,-1,4,25,26,-1,4,26,23,-1,23,26,27,-1,23,27,24,-1,24,27,28,-1,24,28,20,-1,20,28,29,-1,20,29,21,-1,21,29,30,-1,21,30,22,-1,22,30,31,-1,22,31,17,-1,17,31,32,-1,17,32,18,-1,18,32,33,-1,18,33,19,-1,19,33,34,-1,19,34,14,-1,14,34,35,-1,14,35,15,-1,15,35,36,-1,15,36,16,-1,16,36,37,-1,16,37,11,-1,11,37,38,-1,11,38,12,-1,12,38,39,-1,12,39,13,-1,13,39,40,-1,13,40,8,-1,8,40,41,-1,8,41,9,-1,9,41,42,-1,9,42,10,-1,10,42,43,-1,10,43,5,-1,5,43,44,-1,5,44,6,-1,6,44,45,-1,6,45,7,-1,7,45,46,-1,7,46,0,-1,0,46,47,-1,0,47,1,-1,1,47,48,-1,1,48,3,-1,3,48,25,-1,48,49,25,-1,25,49,50,-1,25,50,26,-1,26,50,51,-1,26,51,27,-1,27,51,52,-1,27,52,28,-1,28,52,53,-1,28,53,29,-1,29,53,54,-1,29,54,30,-1,30,54,55,-1,30,55,31,-1,31,55,56,-1,31,56,32,-1,32,56,57,-1,32,57,33,-1,33,57,58,-1,33,58,34,-1,34,58,59,-1,34,59,35,-1,35,59,60,-1,35,60,36,-1,36,60,61,-1,36,61,37,-1,37,61,62,-1,37,62,38,-1,38,62,63,-1,38,63,39,-1,39,63,64,-1,39,64,40,-1,40,64,65,-1,40,65,41,-1,41,65,66,-1,41,66,42,-1,42,66,67,-1,42,67,43,-1,43,67,68,-1,43,68,44,-1,44,68,69,-1,44,69,45,-1,45,69,70,-1,45,70,46,-1,46,70,71,-1,46,71,47,-1,47,71,72,-1,47,72,48,-1,48,72,49,-1,49,73,50,-1,50,73,74,-1,50,74,51,-1,51,74,75,-1,51,75,52,-1,52,75,76,-1,52,76,53,-1,53,76,77,-1,53,77,54,-1,54,77,78,-1,54,78,55,-1,55,78,79,-1,55,79,56,-1,56,79,80,-1,56,80,57,-1,57,80,81,-1,57,81,58,-1,58,81,82,-1,58,82,59,-1,59,82,83,-1,59,83,60,-1,60,83,84,-1,60,84,61,-1,61,84,85,-1,61,85,62,-1,62,85,86,-1,62,86,63,-1,63,86,87,-1,63,87,64,-1,64,87,88,-1,64,88,65,-1,65,88,89,-1,65,89,66,-1,66,89,90,-1,66,90,67,-1,67,90,91,-1,67,91,68,-1,68,91,92,-1,68,92,69,-1,69,92,93,-1,69,93,70,-1,70,93,94,-1,70,94,71,-1,71,94,95,-1,71,95,72,-1,72,95,96,-1,72,96,49,-1,49,96,73,-1,73,97,74,-1,74,97,98,-1,74,98,75,-1,75,98,99,-1,75,99,76,-1,76,99,100,-1,76,100,77,-1,77,100,101,-1,77,101,78,-1,78,101,102,-1,78,102,79,-1,79,102,103,-1,79,103,80,-1,80,103,104,-1,80,104,81,-1,81,104,105,-1,81,105,82,-1,82,105,106,-1,82,106,83,-1,83,106,107,-1,83,107,84,-1,84,107,108,-1,84,108,85,-1,85,108,109,-1,85,109,86,-1,86,109,110,-1,86,110,87,-1,87,110,111,-1,87,111,88,-1,88,111,112,-1,88,112,89,-1,89,112,113,-1,89,113,90,-1,90,113,114,-1,90,114,91,-1,91,114,115,-1,91,115,92,-1,92,115,116,-1,92,116,93,-1,93,116,117,-1,93,117,94,-1,94,117,118,-1,94,118,95,-1,95,118,119,-1,95,119,96,-1,96,119,120,-1,96,120,73,-1,73,120,97,-1,97,121,98,-1,98,121,122,-1,98,122,99,-1,99,122,123,-1,99,123,100,-1,100,123,124,-1,100,124,101,-1,101,124,125,-1,101,125,102,-1,102,125,126,-1,102,126,103,-1,103,126,127,-1,103,127,104,-1,104,127,128,-1,104,128,105,-1,105,128,129,-1,105,129,106,-1,106,129,130,-1,106,130,107,-1,107,130,131,-1,107,131,108,-1,108,131,132,-1,108,132,109,-1,109,132,133,-1,109,133,110,-1,110,133,134,-1,110,134,111,-1,111,134,135,-1,111,135,112,-1,112,135,136,-1,112,136,113,-1,113,136,137,-1,113,137,114,-1,114,137,138,-1,114,138,115,-1,115,138,139,-1,115,139,116,-1,116,139,140,-1,116,140,117,-1,117,140,141,-1,117,141,118,-1,118,141,142,-1,118,142,119,-1,119,142,143,-1,119,143,120,-1,120,143,144,-1,120,144,97,-1,97,144,121,-1,121,145,122,-1,122,145,146,-1,122,146,123,-1,123,146,147,-1,123,147,124,-1,124,147,148,-1,124,148,125,-1,125,148,149,-1,125,149,126,-1,126,149,150,-1,126,150,127,-1,127,150,151,-1,127,151,128,-1,128,151,152,-1,128,152,129,-1,129,152,153,-1,129,153,130,-1,130,153,154,-1,130,154,131,-1,131,154,155,-1,131,155,132,-1,132,155,156,-1,132,156,133,-1,133,156,157,-1,133,157,134,-1,134,157,158,-1,134,158,135,-1,135,158,159,-1,135,159,136,-1,136,159,160,-1,136,160,137,-1,137,160,161,-1,137,161,138,-1,138,161,162,-1,138,162,139,-1,139,162,163,-1,139,163,140,-1,140,163,164,-1,140,164,141,-1,141,164,165,-1,141,165,142,-1,142,165,166,-1,142,166,143,-1,143,166,167,-1,143,167,144,-1,144,167,168,-1,144,168,121,-1,121,168,145,-1,145,169,146,-1,146,169,170,-1,146,170,147,-1,147,170,171,-1,147,171,148,-1,148,171,172,-1,148,172,149,-1,149,172,173,-1,149,173,150,-1,150,173,174,-1,150,174,151,-1,151,174,175,-1,151,175,152,-1,152,175,176,-1,152,176,153,-1,153,176,177,-1,153,177,154,-1,154,177,178,-1,154,178,155,-1,155,178,179,-1,155,179,156,-1,156,179,180,-1,156,180,157,-1,157,180,181,-1,157,181,158,-1,158,181,182,-1,158,182,159,-1,159,182,183,-1,159,183,160,-1,160,183,184,-1,160,184,161,-1,161,184,185,-1,161,185,162,-1,162,185,186,-1,162,186,163,-1,163,186,187,-1,163,187,164,-1,164,187,188,-1,164,188,165,-1,165,188,189,-1,165,189,166,-1,166,189,190,-1,166,190,167,-1,167,190,191,-1,167,191,168,-1,168,191,192,-1,168,192,145,-1,145,192,169,-1,169,193,170,-1,170,193,194,-1,170,194,171,-1,171,194,195,-1,171,195,172,-1,172,195,196,-1,172,196,173,-1,173,196,197,-1,173,197,174,-1,174,197,198,-1,174,198,175,-1,175,198,199,-1,175,199,176,-1,176,199,200,-1,176,200,177,-1,177,200,201,-1,177,201,178,-1,178,201,202,-1,178,202,179,-1,179,202,203,-1,179,203,180,-1,180,203,204,-1,180,204,181,-1,181,204,205,-1,181,205,182,-1,182,205,206,-1,182,206,183,-1,183,206,207,-1,183,207,184,-1,184,207,208,-1,184,208,185,-1,185,208,209,-1,185,209,186,-1,186,209,210,-1,186,210,187,-1,187,210,211,-1,187,211,188,-1,188,211,212,-1,188,212,189,-1,189,212,213,-1,189,213,190,-1,190,213,214,-1,190,214,191,-1,191,214,215,-1,191,215,192,-1,192,215,216,-1,192,216,169,-1,169,216,193,-1,193,217,194,-1,194,217,218,-1,194,218,195,-1,195,218,219,-1,195,219,196,-1,196,219,220,-1,196,220,197,-1,197,220,221,-1,197,221,198,-1,198,221,222,-1,198,222,199,-1,199,222,223,-1,199,223,200,-1,200,223,224,-1,200,224,201,-1,201,224,225,-1,201,225,202,-1,202,225,226,-1,202,226,203,-1,203,226,227,-1,203,227,204,-1,204,227,228,-1,204,228,205,-1,205,228,229,-1,205,229,206,-1,206,229,230,-1,206,230,207,-1,207,230,231,-1,207,231,208,-1,208,231,232,-1,208,232,209,-1,209,232,233,-1,209,233,210,-1,210,233,234,-1,210,234,211,-1,211,234,235,-1,211,235,212,-1,212,235,236,-1,212,236,213,-1,213,236,237,-1,213,237,214,-1,214,237,238,-1,214,238,215,-1,215,238,239,-1,215,239,216,-1,216,239,240,-1,216,240,193,-1,193,240,217,-1,217,241,218,-1,218,241,242,-1,218,242,219,-1,219,242,243,-1,219,243,220,-1,220,243,244,-1,220,244,221,-1,221,244,245,-1,221,245,222,-1,222,245,246,-1,222,246,223,-1,223,246,247,-1,223,247,224,-1,224,247,248,-1,224,248,225,-1,225,248,249,-1,225,249,226,-1,226,249,250,-1,226,250,227,-1,227,250,251,-1,227,251,228,-1,228,251,252,-1,228,252,229,-1,229,252,253,-1,229,253,230,-1,230,253,254,-1,230,254,231,-1,231,254,255,-1,231,255,232,-1,232,255,256,-1,232,256,233,-1,233,256,257,-1,233,257,234,-1,234,257,258,-1,234,258,235,-1,235,258,259,-1,235,259,236,-1,236,259,260,-1,236,260,237,-1,237,260,261,-1,237,261,238,-1,238,261,262,-1,238,262,239,-1,239,262,263,-1,239,263,240,-1,240,263,264,-1,240,264,217,-1,217,264,241,-1,241,265,242,-1,242,265,266,-1,242,266,243,-1,243,266,267,-1,243,267,244,-1,244,267,268,-1,244,268,245,-1,245,268,269,-1,245,269,246,-1,246,269,270,-1,246,270,247,-1,247,270,271,-1,247,271,248,-1,248,271,272,-1,248,272,249,-1,249,272,273,-1,249,273,250,-1,250,273,274,-1,250,274,251,-1,251,274,275,-1,251,275,252,-1,252,275,276,-1,252,276,253,-1,253,276,277,-1,253,277,254,-1,254,277,278,-1,254,278,255,-1,255,278,279,-1,255,279,256,-1,256,279,280,-1,256,280,257,-1,257,280,281,-1,257,281,258,-1,258,281,282,-1,258,282,259,-1,259,282,283,-1,259,283,260,-1,260,283,284,-1,260,284,261,-1,261,284,285,-1,261,285,262,-1,262,285,286,-1,262,286,263,-1,263,286,287,-1,263,287,264,-1,264,287,288,-1,264,288,241,-1,241,288,265,-1,265,289,266,-1,266,289,290,-1,266,290,267,-1,267,290,291,-1,267,291,268,-1,268,291,292,-1,268,292,269,-1,269,292,293,-1,269,293,270,-1,270,293,294,-1,270,294,271,-1,271,294,295,-1,271,295,272,-1,272,295,296,-1,272,296,273,-1,273,296,297,-1,273,297,274,-1,274,297,298,-1,274,298,275,-1,275,298,299,-1,275,299,276,-1,276,299,300,-1,276,300,277,-1,277,300,301,-1,277,301,278,-1,278,301,302,-1,278,302,279,-1,279,302,303,-1,279,303,280,-1,280,303,304,-1,280,304,281,-1,281,304,305,-1,281,305,282,-1,282,305,306,-1,282,306,283,-1,283,306,307,-1,283,307,284,-1,284,307,308,-1,284,308,285,-1,285,308,309,-1,285,309,286,-1,286,309,310,-1,286,310,287,-1,287,310,311,-1,287,311,288,-1,288,311,312,-1,288,312,265,-1,265,312,289,-1,
        ]
    }
}
Shape{
    appearance Appearance {
        material  Material 	{
            diffuseColor 0.30980392156862746 0.30980392156862746 0.30980392156862746
            specularColor 0.1568627450980392 0.1568627450980392 0.1568627450980392
            ambientIntensity 0.3098
            transparency 0.0
            shininess 0.5
        }
    }
    geometry IndexedFaceSet {
        ccw TRUE
        solid FALSE
        coord DEF co Coordinate {
            point [
                1.3189 -0.0806 0.4739, 1.3189 -0.2485 0.0564, 1.3189 -0.0426 0.4581, 1.3189 -0.1279 0.0172, 1.3189 -0.0019 0.4528, 1.3189 -0.0019 0.0039, 1.3189 0.0389 0.4581, 1.3189 -0.1593 0.6102, 1.3189 -0.6048 0.5469, 1.3189 -0.154 0.5695, 1.3189 -0.5785 0.4229, 1.3189 -0.1383 0.5315, 1.3189 -0.5269 0.3071, 1.3189 -0.1132 0.4989, 1.3189 -0.4524 0.2045, 1.3189 -0.3582 0.1197, 1.3189 -0.0806 0.7466, 1.3189 -0.3582 1.1007, 1.3189 -0.1132 0.7216, 1.3189 -0.4524 1.0159, 1.3189 -0.1383 0.689, 1.3189 -0.5269 0.9134, 1.3189 -0.154 0.651, 1.3189 -0.5785 0.7976, 1.3189 -0.6048 0.6736, 1.3189 0.0769 0.7466, 1.3189 0.2447 1.1641, 1.3189 0.0389 0.7624, 1.3189 0.1242 1.2033, 1.3189 -0.0019 0.7677, 1.3189 -0.0019 1.2165, 1.3189 -0.0426 0.7624, 1.3189 -0.1279 1.2033, 1.3189 -0.2485 1.1641, 1.3189 0.1556 0.6102, 1.3189 0.6011 0.6736, 1.3189 0.1502 0.651, 1.3189 0.5748 0.7976, 1.3189 0.1345 0.689, 1.3189 0.5232 0.9134, 1.3189 0.1095 0.7216, 1.3189 0.4487 1.0159, 1.3189 0.3545 1.1007, 1.3189 0.1242 0.0172, 1.3189 0.2447 0.0564, 1.3189 0.0769 0.4739, 1.3189 0.3545 0.1197, 1.3189 0.1095 0.4989, 1.3189 0.4487 0.2045, 1.3189 0.1345 0.5315, 1.3189 0.5232 0.3071, 1.3189 0.1502 0.5695, 1.3189 0.5748 0.4229, 1.3189 0.6011 0.5469
            ]
        }
        coordIndex [
            0,1,2,-1,2,1,3,-1,2,3,4,-1,4,3,5,-1,4,5,6,-1,7,8,9,-1,9,8,10,-1,9,10,11,-1,11,10,12,-1,11,12,13,-1,13,12,14,-1,13,14,0,-1,0,14,15,-1,0,15,1,-1,16,17,18,-1,18,17,19,-1,18,19,20,-1,20,19,21,-1,20,21,22,-1,22,21,23,-1,22,23,7,-1,7,23,24,-1,7,24,8,-1,25,26,27,-1,27,26,28,-1,27,28,29,-1,29,28,30,-1,29,30,31,-1,31,30,32,-1,31,32,16,-1,16,32,33,-1,16,33,17,-1,34,35,36,-1,36,35,37,-1,36,37,38,-1,38,37,39,-1,38,39,40,-1,40,39,41,-1,40,41,25,-1,25,41,42,-1,25,42,26,-1,5,43,6,-1,6,43,44,-1,6,44,45,-1,45,44,46,-1,45,46,47,-1,47,46,48,-1,47,48,49,-1,49,48,50,-1,49,50,51,-1,51,50,52,-1,51,52,34,-1,34,52,53,-1,34,53,35,-1,
        ]
    }
}
Shape{
    appearance Appearance {
        material  Material 	{
            diffuseColor 1.0 1.0 1.0
            specularColor 0.5019607843137255 0.5019607843137255 0.5019607843137255
            ambientIntensity 1.0
            transparency 0.0
            shininess 0.5
        }
    }
    geometry IndexedFaceSet {
        ccw TRUE
        solid FALSE
        coord DEF co Coordinate {
            point [
                -0.237 0.6074 0.5754, -0.237 0.6078 0.5754, -0.1969 0.6074 0.5757, -0.1948 0.6078 0.5757, -0.1948 0.6074 0.5757, -0.1954 0.6067 0.6558, -0.1954 0.6071 0.6558, -0.1969 0.6067 0.6558, -0.2057 0.6071 0.6557, -0.2057 0.6067 0.6557, -0.2052 0.6078 0.5848, -0.2052 0.6082 0.5848, -0.2371 0.6078 0.5845, -0.2371 0.6082 0.5845, -0.2506 0.6082 0.5849, -0.2506 0.6078 0.5849, -0.2564 0.6076 0.5799, -0.2564 0.608 0.5799, -0.2638 0.6074 0.5761, -0.2638 0.6078 0.5761, -0.2723 0.6073 0.5741, -0.2723 0.6077 0.5741, -0.2781 0.6073 0.5738, -0.2781 0.6077 0.5738, -0.2406 0.6088 0.6139, -0.2406 0.6084 0.6139, -0.242 0.6083 0.601, -0.242 0.6087 0.601, -0.2452 0.6081 0.5926, -0.2452 0.6085 0.5926, -0.2499 0.6079 0.5857, -0.2499 0.6083 0.5857, -0.2523 0.6078 0.6449, -0.2523 0.6074 0.6449, -0.2472 0.6077 0.6386, -0.2472 0.6081 0.6386, -0.2431 0.6081 0.6299, -0.2431 0.6084 0.6299, -0.2409 0.6083 0.6198, -0.2409 0.6087 0.6198, -0.2818 0.607 0.6565, -0.2818 0.6066 0.6565, -0.2703 0.6067 0.6552, -0.2703 0.6071 0.6552, -0.2619 0.6069 0.652, -0.2619 0.6073 0.652, -0.2541 0.6073 0.6466, -0.2541 0.6077 0.6466, -0.3008 0.6073 0.6531, -0.3008 0.6069 0.6531, -0.2936 0.6067 0.6554, -0.2936 0.6071 0.6554, -0.2834 0.6066 0.6564, -0.2834 0.607 0.6564, -0.2818 0.6066 0.6565, -0.2819 0.6076 0.6472, -0.2819 0.6072 0.6472, -0.2917 0.6073 0.6459, -0.2917 0.6077 0.6459, -0.2998 0.6075 0.6428, -0.2998 0.6079 0.6428, -0.3007 0.6075 0.6423, -0.3007 0.6079 0.6423, -0.26 0.6081 0.6384, -0.26 0.6077 0.6384, -0.2654 0.6075 0.6429, -0.2654 0.6079 0.6429, -0.2717 0.6073 0.6457, -0.2717 0.6077 0.6457, -0.2787 0.6073 0.6471, -0.2787 0.6077 0.6471, -0.2514 0.6087 0.6144, -0.2514 0.6084 0.6144, -0.2528 0.6082 0.6253, -0.2528 0.6086 0.6253, -0.2555 0.608 0.6322, -0.2555 0.6084 0.6322, -0.2594 0.6077 0.6378, -0.2594 0.6081 0.6378, -0.2591 0.6085 0.5915, -0.2591 0.6081 0.5915, -0.2552 0.6082 0.597, -0.2552 0.6086 0.597, -0.2527 0.6083 0.6035, -0.2527 0.6087 0.6035, -0.2515 0.6084 0.6115, -0.2515 0.6088 0.6115, -0.2796 0.6082 0.583, -0.2796 0.6078 0.583, -0.2721 0.6078 0.5839, -0.2721 0.6082 0.5839, -0.2663 0.6079 0.586, -0.2663 0.6083 0.586, -0.261 0.608 0.5897, -0.261 0.6084 0.5897, -0.3003 0.6084 0.5882, -0.3003 0.608 0.5882, -0.2934 0.6078 0.585, -0.2934 0.6082 0.585, -0.2845 0.6078 0.5832, -0.2845 0.6082 0.5832, -0.2796 0.6078 0.583, -0.2903 0.6073 0.5748, -0.2903 0.6077 0.5748, -0.2989 0.6075 0.5776, -0.2989 0.6079 0.5776, -0.3003 0.6075 0.5783, -0.3003 0.6079 0.5783, -0.3008 0.6073 0.6531, -0.3003 0.6084 0.5882, -0.3003 0.6079 0.5783, -0.3593 0.6073 0.5745, -0.3593 0.6077 0.5745, -0.3163 0.6073 0.5748, -0.3163 0.6077 0.5748, -0.3168 0.6067 0.6549, -0.3168 0.6071 0.6549, -0.3581 0.6068 0.6546, -0.3581 0.6071 0.6546, -0.358 0.6074 0.6454, -0.358 0.6077 0.6454, -0.3271 0.6073 0.6456, -0.3271 0.6077 0.6456, -0.3269 0.6083 0.62, -0.3269 0.6087 0.62, -0.3555 0.6083 0.6198, -0.3555 0.6087 0.6198, -0.3555 0.6084 0.6106, -0.3555 0.6088 0.6106, -0.3268 0.6084 0.6108, -0.3268 0.6088 0.6108, -0.3267 0.6078 0.5839, -0.3267 0.6082 0.5839, -0.3594 0.6078 0.5837, -0.3594 0.6082 0.5837, -0.3965 0.6077 0.5743, -0.3965 0.6073 0.5743, -0.41 0.6074 0.5758, -0.41 0.6078 0.5758, -0.4191 0.6076 0.5793, -0.4191 0.608 0.5793, -0.4276 0.6079 0.5853, -0.4276 0.6083 0.5853, -0.433 0.6081 0.5913, -0.433 0.6085 0.5913, -0.4372 0.6083 0.5994, -0.4372 0.6087 0.5994, -0.4395 0.6084 0.6085, -0.4395 0.6088 0.6085, -0.4399 0.6083 0.615, -0.4399 0.6087 0.615, -0.4387 0.6082 0.626, -0.4387 0.6086 0.626, -0.4358 0.6079 0.6337, -0.4358 0.6083 0.6337, -0.4309 0.6076 0.6407, -0.4309 0.608 0.6407, -0.428 0.6075 0.6435, -0.428 0.6079 0.6435, -0.4197 0.6071 0.6493, -0.4197 0.6075 0.6493, -0.4101 0.6069 0.6529, -0.4101 0.6073 0.6529, -0.3979 0.6068 0.6543, -0.3979 0.6072 0.6543, -0.4203 0.6085 0.5916, -0.4203 0.6081 0.5916, -0.4193 0.6081 0.5907, -0.4193 0.6084 0.5907, -0.4141 0.6079 0.5871, -0.4141 0.6083 0.5871, -0.4075 0.6078 0.5846, -0.4075 0.6082 0.5846, -0.3965 0.6078 0.5834, -0.3965 0.6082 0.5834, -0.4291 0.6087 0.6148, -0.4291 0.6084 0.6148, -0.4288 0.6084 0.61, -0.4288 0.6088 0.61, -0.4272 0.6083 0.6026, -0.4272 0.6087 0.6026, -0.4244 0.6082 0.5966, -0.4244 0.6086 0.5966, -0.4204 0.6082 0.6374, -0.4204 0.6078 0.6374, -0.4233 0.6079 0.6344, -0.4233 0.6083 0.6344, -0.4262 0.6081 0.6297, -0.4262 0.6085 0.6297, -0.4283 0.6082 0.6235, -0.4283 0.6086 0.6235, -0.3974 0.6078 0.6451, -0.3974 0.6074 0.6451, -0.4079 0.6074 0.6439, -0.4079 0.6078 0.6439, -0.4148 0.6076 0.6413, -0.4148 0.608 0.6413, -0.3744 0.6073 0.5744, -0.3744 0.6077 0.5744, -0.375 0.6068 0.6545, -0.375 0.6072 0.6545, -0.3853 0.6078 0.6452, -0.3853 0.6074 0.6452, -0.3848 0.6082 0.5835, -0.3848 0.6078 0.5835
            ]
        }
        coordIndex [
            0,1,2,-1,2,1,3,-1,2,3,4,-1,4,3,5,-1,5,3,6,-1,5,6,7,-1,7,6,8,-1,7,8,9,-1,9,8,10,-1,10,8,11,-1,10,11,12,-1,12,11,13,-1,12,13,0,-1,0,13,1,-1,8,6,11,-1,11,6,3,-1,11,3,13,-1,13,3,1,-1,14,15,16,-1,14,16,17,-1,17,16,18,-1,17,18,19,-1,19,18,20,-1,19,20,21,-1,21,20,22,-1,21,22,23,-1,24,25,26,-1,24,26,27,-1,27,26,28,-1,27,28,29,-1,29,28,30,-1,29,30,31,-1,31,30,15,-1,31,15,14,-1,32,33,34,-1,32,34,35,-1,35,34,36,-1,35,36,37,-1,37,36,38,-1,37,38,39,-1,39,38,25,-1,39,25,24,-1,40,41,42,-1,40,42,43,-1,43,42,44,-1,43,44,45,-1,45,44,46,-1,45,46,47,-1,47,46,33,-1,47,33,32,-1,48,49,50,-1,48,50,51,-1,51,50,52,-1,51,52,53,-1,53,52,54,-1,53,54,40,-1,55,56,57,-1,55,57,58,-1,58,57,59,-1,58,59,60,-1,60,59,61,-1,60,61,62,-1,63,64,65,-1,63,65,66,-1,66,65,67,-1,66,67,68,-1,68,67,69,-1,68,69,70,-1,70,69,56,-1,70,56,55,-1,71,72,73,-1,71,73,74,-1,74,73,75,-1,74,75,76,-1,76,75,77,-1,76,77,78,-1,78,77,64,-1,78,64,63,-1,79,80,81,-1,79,81,82,-1,82,81,83,-1,82,83,84,-1,84,83,85,-1,84,85,86,-1,86,85,72,-1,86,72,71,-1,87,88,89,-1,87,89,90,-1,90,89,91,-1,90,91,92,-1,92,91,93,-1,92,93,94,-1,94,93,80,-1,94,80,79,-1,95,96,97,-1,95,97,98,-1,98,97,99,-1,98,99,100,-1,100,99,101,-1,100,101,87,-1,23,22,102,-1,23,102,103,-1,103,102,104,-1,103,104,105,-1,105,104,106,-1,105,106,107,-1,49,108,61,-1,61,108,62,-1,96,109,106,-1,106,109,110,-1,110,109,105,-1,105,109,98,-1,105,98,103,-1,103,98,100,-1,103,100,23,-1,23,100,87,-1,23,87,21,-1,21,87,90,-1,21,90,19,-1,19,90,92,-1,19,92,17,-1,17,92,94,-1,17,94,14,-1,14,94,79,-1,14,79,31,-1,31,79,82,-1,31,82,29,-1,29,82,27,-1,27,82,84,-1,27,84,24,-1,84,86,24,-1,24,86,71,-1,24,71,39,-1,39,71,74,-1,39,74,37,-1,37,74,35,-1,35,74,76,-1,35,76,32,-1,76,78,32,-1,32,78,63,-1,32,63,47,-1,47,63,66,-1,47,66,45,-1,45,66,43,-1,43,66,68,-1,43,68,40,-1,68,70,40,-1,40,70,55,-1,40,55,53,-1,53,55,58,-1,53,58,51,-1,51,58,108,-1,108,58,60,-1,108,60,62,-1,111,112,113,-1,113,112,114,-1,113,114,115,-1,115,114,116,-1,115,116,117,-1,117,116,118,-1,117,118,119,-1,119,118,120,-1,119,120,121,-1,121,120,122,-1,121,122,123,-1,123,122,124,-1,123,124,125,-1,125,124,126,-1,125,126,127,-1,127,126,128,-1,127,128,129,-1,129,128,130,-1,129,130,131,-1,131,130,132,-1,131,132,133,-1,133,132,134,-1,133,134,111,-1,111,134,112,-1,112,134,114,-1,114,134,132,-1,128,126,130,-1,130,126,124,-1,120,118,122,-1,122,118,116,-1,122,116,124,-1,124,116,114,-1,124,114,130,-1,130,114,132,-1,135,136,137,-1,135,137,138,-1,138,137,139,-1,138,139,140,-1,140,139,141,-1,140,141,142,-1,142,141,143,-1,142,143,144,-1,144,143,145,-1,144,145,146,-1,146,145,147,-1,146,147,148,-1,148,147,149,-1,148,149,150,-1,150,149,151,-1,150,151,152,-1,152,151,153,-1,152,153,154,-1,154,153,155,-1,154,155,156,-1,156,155,157,-1,156,157,158,-1,158,157,159,-1,158,159,160,-1,160,159,161,-1,160,161,162,-1,162,161,163,-1,162,163,164,-1,165,166,167,-1,165,167,168,-1,168,167,169,-1,168,169,170,-1,170,169,171,-1,170,171,172,-1,172,171,173,-1,172,173,174,-1,175,176,177,-1,175,177,178,-1,178,177,179,-1,178,179,180,-1,180,179,181,-1,180,181,182,-1,182,181,166,-1,182,166,165,-1,183,184,185,-1,183,185,186,-1,186,185,187,-1,186,187,188,-1,188,187,189,-1,188,189,190,-1,190,189,176,-1,190,176,175,-1,191,192,193,-1,191,193,194,-1,194,193,195,-1,194,195,196,-1,196,195,184,-1,196,184,183,-1,136,135,197,-1,197,135,198,-1,199,200,163,-1,163,200,164,-1,197,198,199,-1,199,198,200,-1,191,201,192,-1,192,201,202,-1,201,203,202,-1,202,203,204,-1,203,174,204,-1,204,174,173,-1,182,165,142,-1,142,165,168,-1,142,168,140,-1,140,168,170,-1,140,170,138,-1,138,170,172,-1,138,172,135,-1,135,172,174,-1,135,174,198,-1,198,174,203,-1,198,203,200,-1,200,203,201,-1,200,201,164,-1,164,201,191,-1,164,191,162,-1,162,191,194,-1,162,194,160,-1,160,194,196,-1,160,196,158,-1,158,196,183,-1,158,183,156,-1,156,183,186,-1,156,186,154,-1,154,186,188,-1,154,188,152,-1,152,188,190,-1,152,190,150,-1,150,190,175,-1,150,175,148,-1,148,175,178,-1,148,178,146,-1,146,178,180,-1,146,180,144,-1,144,180,182,-1,144,182,142,-1,
        ]
    }
}
Shape{
    appearance Appearance {
        material  Material 	{
            diffuseColor 0.30980392156862746 0.30980392156862746 0.30980392156862746
            specularColor 0.1568627450980392 0.1568627450980392 0.1568627450980392
            ambientIntensity 0.3098
            transparency 0.0
            shininess 0.5
        }
    }
    geometry IndexedFaceSet {
        ccw TRUE
        solid FALSE
        coord DEF co Coordinate {
            point [
                -0.4075 0.6078 0.5846, -0.4141 0.6079 0.5871, -0.3974 0.6074 0.6451, -0.4193 0.6081 0.5907, -0.4203 0.6081 0.5916, -0.4288 0.6084 0.61, -0.4291 0.6084 0.6148, -0.4244 0.6082 0.5966, -0.4272 0.6083 0.6026, -0.4283 0.6082 0.6235, -0.4262 0.6081 0.6297, -0.4233 0.6079 0.6344, -0.4204 0.6078 0.6374, -0.4148 0.6076 0.6413, -0.4079 0.6074 0.6439, -0.3853 0.6074 0.6452, -0.3848 0.6078 0.5835, -0.3965 0.6078 0.5834
            ]
        }
        coordIndex [
            0,1,2,-1,2,1,3,-1,2,3,4,-1,5,6,2,-1,4,7,2,-1,2,7,8,-1,2,8,5,-1,6,9,2,-1,2,9,10,-1,2,10,11,-1,11,12,2,-1,2,12,13,-1,2,13,14,-1,15,16,2,-1,2,16,17,-1,2,17,0,-1,
        ]
    }
}
Shape{
    appearance Appearance {
        material  Material 	{
            diffuseColor 1.0 1.0 1.0
            specularColor 0.5019607843137255 0.5019607843137255 0.5019607843137255
            ambientIntensity 1.0
            transparency 0.0
            shininess 0.5
        }
    }
    geometry IndexedFaceSet {
        ccw TRUE
        solid FALSE
        coord DEF co Coordinate {
            point [
                -0.4805 0.6079 0.6435, -0.4805 0.6075 0.6435, -0.4812 0.6076 0.6401, -0.4812 0.608 0.6401, -0.4817 0.6077 0.6379, -0.4817 0.6081 0.6379, -0.4789 0.6081 0.6379, -0.4789 0.6077 0.6379, -0.4795 0.6076 0.6403, -0.4795 0.608 0.6403, -0.4802 0.6075 0.6435, -0.4802 0.6079 0.6435, -0.4862 0.6068 0.6537, -0.4862 0.6072 0.6537, -0.5161 0.6073 0.5734, -0.5161 0.6077 0.5734, -0.4751 0.6068 0.6538, -0.4751 0.6072 0.6538, -0.4441 0.6073 0.5739, -0.4441 0.6077 0.5739, -0.4555 0.6073 0.5739, -0.4555 0.6077 0.5739, -0.4633 0.6082 0.5957, -0.4633 0.6086 0.5957, -0.4967 0.6082 0.5955, -0.4967 0.6086 0.5955, -0.5047 0.6073 0.5735, -0.5047 0.6077 0.5735, -0.4667 0.6087 0.6047, -0.4936 0.6087 0.6045, -0.4667 0.6083 0.6047, -0.4936 0.6083 0.6045
            ]
        }
        coordIndex [
            0,1,2,-1,0,2,3,-1,3,2,4,-1,3,4,5,-1,6,7,8,-1,6,8,9,-1,9,8,10,-1,9,10,11,-1,12,13,14,-1,14,13,15,-1,16,17,12,-1,12,17,13,-1,18,19,16,-1,16,19,17,-1,20,21,18,-1,18,21,19,-1,22,23,20,-1,20,23,21,-1,24,25,22,-1,22,25,23,-1,26,27,24,-1,24,27,25,-1,14,15,26,-1,26,15,27,-1,28,29,30,-1,30,29,31,-1,29,5,31,-1,31,5,4,-1,0,11,1,-1,1,11,10,-1,6,28,7,-1,7,28,30,-1,17,11,13,-1,13,11,0,-1,13,0,3,-1,3,5,13,-1,13,5,29,-1,13,29,15,-1,19,21,23,-1,28,6,17,-1,17,6,9,-1,17,9,11,-1,27,15,25,-1,25,15,29,-1,25,29,23,-1,23,29,28,-1,23,28,19,-1,19,28,17,-1,
        ]
    }
}
Shape{
    appearance Appearance {
        material  Material 	{
            diffuseColor 0.30980392156862746 0.30980392156862746 0.30980392156862746
            specularColor 0.1568627450980392 0.1568627450980392 0.1568627450980392
            ambientIntensity 0.3098
            transparency 0.0
            shininess 0.5
        }
    }
    geometry IndexedFaceSet {
        ccw TRUE
        solid FALSE
        coord DEF co Coordinate {
            point [
                -0.4667 0.6083 0.6047, -0.4936 0.6083 0.6045, -0.4789 0.6077 0.6379, -0.4817 0.6077 0.6379, -0.4795 0.6076 0.6403, -0.4812 0.6076 0.6401, -0.4802 0.6075 0.6435, -0.4805 0.6075 0.6435
            ]
        }
        coordIndex [
            0,1,2,-1,2,1,3,-1,2,3,4,-1,4,3,5,-1,4,5,6,-1,6,5,7,-1,
        ]
    }
}
Shape{
    appearance Appearance {
        material  Material 	{
            diffuseColor 1.0 1.0 1.0
            specularColor 0.5019607843137255 0.5019607843137255 0.5019607843137255
            ambientIntensity 1.0
            transparency 0.0
            shininess 0.5
        }
    }
    geometry IndexedFaceSet {
        ccw TRUE
        solid FALSE
        coord DEF co Coordinate {
            point [
                -0.2369 0.5865 0.4484, -0.2369 0.5869 0.4484, -0.1969 0.5866 0.4487, -0.1939 0.587 0.4487, -0.1939 0.5866 0.4487, -0.1945 0.6029 0.5288, -0.1945 0.6033 0.5288, -0.1969 0.6029 0.5287, -0.2357 0.6033 0.5285, -0.2357 0.6029 0.5285, -0.2356 0.6015 0.5192, -0.2356 0.6019 0.5192, -0.2047 0.6016 0.5195, -0.2047 0.602 0.5195, -0.2045 0.5972 0.4938, -0.2045 0.5976 0.4938, -0.2332 0.5971 0.4936, -0.2332 0.5975 0.4936, -0.2331 0.5953 0.4845, -0.2331 0.5957 0.4845, -0.2045 0.5953 0.4847, -0.2045 0.5957 0.4847, -0.2043 0.589 0.4577, -0.2043 0.5894 0.4577, -0.237 0.5889 0.4575, -0.237 0.5894 0.4575, -0.2722 0.5999 0.5066, -0.2722 0.5995 0.5066, -0.2621 0.5993 0.5055, -0.2621 0.5997 0.5055, -0.2546 0.5988 0.5027, -0.2546 0.5992 0.5027, -0.2525 0.5986 0.5014, -0.2525 0.599 0.5014, -0.2524 0.5971 0.4917, -0.2524 0.5967 0.4917, -0.2589 0.5975 0.4958, -0.2589 0.5979 0.4958, -0.2652 0.5979 0.4979, -0.2652 0.5983 0.4979, -0.2712 0.598 0.4985, -0.2712 0.5984 0.4985, -0.2746 0.598 0.4981, -0.2746 0.5984 0.4981, -0.277 0.5978 0.4973, -0.277 0.5982 0.4973, -0.2787 0.5976 0.4961, -0.2787 0.598 0.4961, -0.2802 0.5973 0.4945, -0.2802 0.5977 0.4945, -0.2814 0.5969 0.4924, -0.2814 0.5973 0.4924, -0.2824 0.5962 0.4888, -0.2824 0.5966 0.4888, -0.2827 0.5953 0.4844, -0.2827 0.5957 0.4844, -0.2658 0.5952 0.4822, -0.2658 0.5948 0.4822, -0.258 0.5944 0.4803, -0.258 0.5948 0.4803, -0.2537 0.5939 0.4781, -0.2537 0.5943 0.4781, -0.2507 0.5933 0.4754, -0.2507 0.5937 0.4754, -0.2487 0.5926 0.4726, -0.2487 0.593 0.4726, -0.2473 0.5918 0.469, -0.2473 0.5922 0.469, -0.2467 0.5905 0.4636, -0.2467 0.5909 0.4636, -0.2471 0.5893 0.4591, -0.2471 0.5898 0.4591, -0.2483 0.5885 0.4557, -0.2483 0.5889 0.4557, -0.2504 0.5876 0.4526, -0.2504 0.5881 0.4526, -0.2515 0.5873 0.4514, -0.2515 0.5877 0.4514, -0.2531 0.5874 0.4501, -0.2531 0.587 0.4501, -0.2548 0.5871 0.449, -0.2548 0.5867 0.449, -0.2587 0.5863 0.4476, -0.2587 0.5867 0.4476, -0.2647 0.5861 0.4468, -0.2647 0.5865 0.4468, -0.2699 0.5862 0.4474, -0.2699 0.5866 0.4474, -0.2739 0.5866 0.4488, -0.2739 0.587 0.4488, -0.2775 0.5873 0.4511, -0.2775 0.5877 0.4511, -0.2807 0.5882 0.4545, -0.2807 0.5886 0.4545, -0.2823 0.5888 0.4569, -0.2823 0.5892 0.4569, -0.2928 0.5957 0.4848, -0.2928 0.5953 0.4848, -0.292 0.5969 0.4927, -0.292 0.5973 0.4927, -0.2904 0.5978 0.4972, -0.2904 0.5982 0.4972, -0.2883 0.5984 0.5004, -0.2883 0.5988 0.5004, -0.2856 0.5989 0.5029, -0.2856 0.5993 0.5029, -0.2823 0.5992 0.5048, -0.2823 0.5996 0.5048, -0.278 0.5994 0.5061, -0.278 0.5998 0.5061, -0.2595 0.5928 0.4716, -0.2595 0.5924 0.4716, -0.2609 0.5926 0.4726, -0.2609 0.593 0.4726, -0.2632 0.5929 0.4737, -0.2632 0.5933 0.4737, -0.2693 0.5932 0.475, -0.2693 0.5936 0.475, -0.2568 0.5911 0.4644, -0.2568 0.5907 0.4644, -0.2569 0.5911 0.466, -0.2569 0.5915 0.466, -0.2574 0.5916 0.4683, -0.2574 0.592 0.4683, -0.2583 0.5921 0.4701, -0.2583 0.5925 0.4701, -0.2597 0.5894 0.4577, -0.2597 0.589 0.4577, -0.2588 0.5892 0.4585, -0.2588 0.5896 0.4585, -0.2577 0.5896 0.4602, -0.2577 0.59 0.4602, -0.2571 0.5901 0.4621, -0.2571 0.5905 0.4621, -0.2673 0.5887 0.455, -0.2673 0.5883 0.455, -0.2639 0.5884 0.4554, -0.2639 0.5888 0.4554, -0.2617 0.5886 0.4563, -0.2617 0.589 0.4563, -0.2782 0.5899 0.4596, -0.2782 0.5895 0.4596, -0.277 0.5892 0.4584, -0.277 0.5896 0.4584, -0.2741 0.5887 0.4565, -0.2741 0.5891 0.4565, -0.2711 0.5884 0.4554, -0.2711 0.5888 0.4554, -0.2826 0.5927 0.4713, -0.2826 0.5923 0.4713, -0.2825 0.5922 0.4706, -0.2825 0.5926 0.4706, -0.2819 0.5911 0.4661, -0.2819 0.5915 0.4661, -0.2804 0.5902 0.4626, -0.2804 0.5906 0.4626, -0.2825 0.5888 0.4569, -0.2825 0.5892 0.4569, -0.2825 0.5864 0.4481, -0.2825 0.5868 0.4481, -0.2925 0.5864 0.448, -0.2925 0.5868 0.448, -0.2827 0.594 0.4768, -0.2827 0.5936 0.4768
            ]
        }
        coordIndex [
            0,1,2,-1,2,1,3,-1,2,3,4,-1,4,3,5,-1,5,3,6,-1,5,6,7,-1,7,6,8,-1,7,8,9,-1,9,8,10,-1,10,8,11,-1,10,11,12,-1,12,11,13,-1,12,13,14,-1,14,13,15,-1,14,15,16,-1,16,15,17,-1,16,17,18,-1,18,17,19,-1,18,19,20,-1,20,19,21,-1,20,21,22,-1,22,21,23,-1,22,23,24,-1,24,23,25,-1,24,25,0,-1,0,25,1,-1,3,1,25,-1,25,23,3,-1,3,23,21,-1,3,21,6,-1,11,8,13,-1,13,8,6,-1,13,6,15,-1,15,6,21,-1,15,21,17,-1,17,21,19,-1,26,27,28,-1,26,28,29,-1,29,28,30,-1,29,30,31,-1,31,30,32,-1,31,32,33,-1,34,35,36,-1,34,36,37,-1,37,36,38,-1,37,38,39,-1,39,38,40,-1,39,40,41,-1,41,40,42,-1,41,42,43,-1,43,42,44,-1,43,44,45,-1,45,44,46,-1,45,46,47,-1,47,46,48,-1,47,48,49,-1,49,48,50,-1,49,50,51,-1,51,50,52,-1,51,52,53,-1,53,52,54,-1,53,54,55,-1,56,57,58,-1,56,58,59,-1,59,58,60,-1,59,60,61,-1,61,60,62,-1,61,62,63,-1,63,62,64,-1,63,64,65,-1,65,64,66,-1,65,66,67,-1,67,66,68,-1,67,68,69,-1,69,68,70,-1,69,70,71,-1,71,70,72,-1,71,72,73,-1,73,72,74,-1,73,74,75,-1,75,74,76,-1,75,76,77,-1,77,76,78,-1,78,76,79,-1,78,79,80,-1,79,81,80,-1,80,81,82,-1,80,82,83,-1,83,82,84,-1,83,84,85,-1,85,84,86,-1,85,86,87,-1,87,86,88,-1,87,88,89,-1,89,88,90,-1,89,90,91,-1,91,90,92,-1,91,92,93,-1,93,92,94,-1,93,94,95,-1,96,97,98,-1,96,98,99,-1,99,98,100,-1,99,100,101,-1,101,100,102,-1,101,102,103,-1,103,102,104,-1,103,104,105,-1,105,104,106,-1,105,106,107,-1,107,106,108,-1,107,108,109,-1,109,108,27,-1,109,27,26,-1,110,111,112,-1,110,112,113,-1,113,112,114,-1,113,114,115,-1,115,114,116,-1,115,116,117,-1,118,119,120,-1,118,120,121,-1,121,120,122,-1,121,122,123,-1,123,122,124,-1,123,124,125,-1,125,124,111,-1,125,111,110,-1,126,127,128,-1,126,128,129,-1,129,128,130,-1,129,130,131,-1,131,130,132,-1,131,132,133,-1,133,132,119,-1,133,119,118,-1,134,135,136,-1,134,136,137,-1,137,136,138,-1,137,138,139,-1,139,138,127,-1,139,127,126,-1,140,141,142,-1,140,142,143,-1,143,142,144,-1,143,144,145,-1,145,144,146,-1,145,146,147,-1,147,146,135,-1,147,135,134,-1,148,149,150,-1,148,150,151,-1,151,150,152,-1,151,152,153,-1,153,152,154,-1,153,154,155,-1,155,154,141,-1,155,141,140,-1,35,34,32,-1,32,34,33,-1,57,56,54,-1,54,56,55,-1,156,157,94,-1,94,157,95,-1,158,159,156,-1,156,159,157,-1,160,161,158,-1,158,161,159,-1,97,96,160,-1,160,96,161,-1,148,162,149,-1,149,162,163,-1,162,117,163,-1,163,117,116,-1,55,113,115,-1,115,117,55,-1,55,117,96,-1,55,96,53,-1,53,96,99,-1,53,99,51,-1,51,99,101,-1,51,101,49,-1,49,101,103,-1,49,103,47,-1,47,103,105,-1,47,105,45,-1,45,105,107,-1,45,107,43,-1,43,107,109,-1,43,109,41,-1,41,109,26,-1,41,26,39,-1,39,26,29,-1,39,29,37,-1,37,29,31,-1,37,31,34,-1,34,31,33,-1,83,85,134,-1,134,85,87,-1,134,87,147,-1,147,87,89,-1,147,89,145,-1,134,137,83,-1,83,137,139,-1,83,139,80,-1,80,139,126,-1,129,77,126,-1,126,77,78,-1,126,78,80,-1,55,56,113,-1,113,56,59,-1,113,59,110,-1,110,59,61,-1,110,61,125,-1,125,61,63,-1,125,63,123,-1,123,63,65,-1,123,65,121,-1,121,65,67,-1,121,67,118,-1,118,67,69,-1,118,69,133,-1,133,69,71,-1,133,71,131,-1,131,71,73,-1,131,73,129,-1,129,73,75,-1,129,75,77,-1,117,162,96,-1,96,162,148,-1,96,148,151,-1,157,153,155,-1,157,155,95,-1,89,91,145,-1,145,91,93,-1,145,93,143,-1,143,93,95,-1,143,95,140,-1,140,95,155,-1,159,161,157,-1,157,161,96,-1,157,96,153,-1,153,96,151,-1,
        ]
    }
}
Shape{
    appearance Appearance {
        material  Material 	{
            diffuseColor 0.30980392156862746 0.30980392156862746 0.30980392156862746
            specularColor 0.1568627450980392 0.1568627450980392 0.1568627450980392
            ambientIntensity 0.3098
            transparency 0.0
            shininess 0.5
        }
    }
    geometry IndexedFaceSet {
        ccw TRUE
        solid FALSE
        coord DEF co Coordinate {
            point [
                -0.2574 0.5916 0.4683, -0.2804 0.5902 0.4626, -0.2583 0.5921 0.4701, -0.2595 0.5924 0.4716, -0.2569 0.5911 0.466, -0.2568 0.5907 0.4644, -0.2782 0.5895 0.4596, -0.2722 0.5887 0.4567, -0.2673 0.5883 0.455, -0.2711 0.5884 0.4554, -0.2577 0.5896 0.4602, -0.2588 0.5892 0.4585, -0.277 0.5892 0.4584, -0.2571 0.5901 0.4621, -0.2597 0.589 0.4577, -0.2617 0.5886 0.4563, -0.2639 0.5884 0.4554, -0.2741 0.5887 0.4565, -0.2609 0.5926 0.4726, -0.2819 0.5911 0.4661, -0.2632 0.5929 0.4737, -0.2825 0.5922 0.4706, -0.2693 0.5932 0.475, -0.2826 0.5923 0.4713, -0.2827 0.5936 0.4768
            ]
        }
        coordIndex [
            0,1,2,-1,2,1,3,-1,0,4,1,-1,1,4,5,-1,1,5,6,-1,7,8,9,-1,10,11,12,-1,6,5,12,-1,12,5,13,-1,12,13,10,-1,14,15,7,-1,7,15,16,-1,7,16,8,-1,11,14,12,-1,12,14,7,-1,12,7,17,-1,17,7,9,-1,3,1,18,-1,18,1,19,-1,18,19,20,-1,20,19,21,-1,20,21,22,-1,22,21,23,-1,22,23,24,-1,
        ]
    }
}
Shape{
    appearance Appearance {
        material  Material 	{
            diffuseColor 1.0 1.0 1.0
            specularColor 0.5019607843137255 0.5019607843137255 0.5019607843137255
            ambientIntensity 1.0
            transparency 0.0
            shininess 0.5
        }
    }
    geometry IndexedFaceSet {
        ccw TRUE
        solid FALSE
        coord DEF co Coordinate {
            point [
                -0.3345 0.5906 0.4623, -0.3345 0.5902 0.4623, -0.3343 0.5897 0.4603, -0.3343 0.5901 0.4603, -0.3338 0.5893 0.4589, -0.3338 0.5897 0.4589, -0.3329 0.589 0.4576, -0.3329 0.5894 0.4576, -0.3317 0.5887 0.4566, -0.3317 0.5891 0.4566, -0.3308 0.5886 0.4561, -0.3308 0.589 0.4561, -0.3282 0.5883 0.4551, -0.3282 0.5887 0.4551, -0.3231 0.5882 0.4546, -0.3231 0.5886 0.4546, -0.3226 0.5882 0.4546, -0.3226 0.5886 0.4546, -0.332 0.5919 0.4677, -0.332 0.5915 0.4677, -0.3332 0.5912 0.4664, -0.3332 0.5916 0.4664, -0.334 0.5909 0.4651, -0.334 0.5913 0.4651, -0.3344 0.5905 0.4635, -0.3344 0.5909 0.4635, -0.3215 0.5931 0.4729, -0.3215 0.5927 0.4729, -0.3281 0.5921 0.4701, -0.3281 0.5925 0.4701, -0.3092 0.5948 0.4806, -0.3092 0.5944 0.4806, -0.3109 0.5941 0.4788, -0.3109 0.5945 0.4788, -0.3156 0.5934 0.4757, -0.3156 0.5938 0.4757, -0.3064 0.5967 0.4896, -0.3064 0.5963 0.4896, -0.3068 0.5955 0.4857, -0.3068 0.5959 0.4857, -0.3079 0.5949 0.4827, -0.3079 0.5953 0.4827, -0.313 0.5991 0.5018, -0.313 0.5987 0.5018, -0.31 0.5982 0.4991, -0.31 0.5986 0.4991, -0.3081 0.5977 0.4964, -0.3081 0.5981 0.4964, -0.3069 0.597 0.4932, -0.3069 0.5974 0.4932, -0.3288 0.5998 0.5062, -0.3288 0.5994 0.5062, -0.3213 0.5993 0.5054, -0.3213 0.5997 0.5054, -0.3158 0.599 0.5035, -0.3158 0.5994 0.5035, -0.3424 0.5994 0.5036, -0.3424 0.599 0.5036, -0.3353 0.5993 0.5057, -0.3353 0.5997 0.5057, -0.3278 0.5984 0.4981, -0.3278 0.598 0.4981, -0.3347 0.5978 0.4972, -0.3347 0.5982 0.4972, -0.3404 0.5974 0.495, -0.3404 0.5978 0.495, -0.3423 0.5972 0.4938, -0.3423 0.5976 0.4938, -0.3199 0.598 0.496, -0.3199 0.5976 0.496, -0.3221 0.5978 0.4972, -0.3221 0.5982 0.4972, -0.3248 0.5979 0.4979, -0.3248 0.5983 0.4979, -0.3168 0.5969 0.4905, -0.3168 0.5965 0.4905, -0.317 0.5968 0.4921, -0.317 0.5972 0.4921, -0.3175 0.5971 0.4934, -0.3175 0.5975 0.4934, -0.3183 0.5973 0.4947, -0.3183 0.5977 0.4947, -0.3189 0.5958 0.4851, -0.3189 0.5954 0.4851, -0.318 0.5956 0.4862, -0.318 0.596 0.4862, -0.3173 0.5959 0.4876, -0.3173 0.5963 0.4876, -0.3169 0.5962 0.4891, -0.3169 0.5966 0.4891, -0.3286 0.5947 0.4801, -0.3286 0.5943 0.4801, -0.3225 0.5949 0.4829, -0.3225 0.5953 0.4829, -0.3415 0.5931 0.4726, -0.3415 0.5927 0.4726, -0.3391 0.5931 0.4748, -0.3391 0.5936 0.4748, -0.3325 0.594 0.4786, -0.3325 0.5944 0.4786, -0.3448 0.5908 0.4632, -0.3448 0.5904 0.4632, -0.3444 0.5913 0.4669, -0.3444 0.5917 0.4669, -0.3434 0.592 0.4699, -0.3434 0.5924 0.4699, -0.3383 0.5876 0.4509, -0.3383 0.5872 0.4509, -0.3412 0.5879 0.4533, -0.3412 0.5883 0.4533, -0.3431 0.5885 0.456, -0.3431 0.589 0.456, -0.3443 0.5894 0.4591, -0.3443 0.5898 0.4591, -0.3216 0.5864 0.4464, -0.3216 0.586 0.4464, -0.3297 0.5862 0.4472, -0.3297 0.5866 0.4472, -0.3353 0.5867 0.4491, -0.3353 0.5871 0.4491, -0.3061 0.5873 0.4499, -0.3061 0.5869 0.4499, -0.3127 0.5863 0.4475, -0.3127 0.5867 0.4475, -0.316 0.5884 0.4555, -0.316 0.5888 0.4555, -0.3097 0.5891 0.458, -0.3097 0.5895 0.458, -0.3062 0.5896 0.4602, -0.3062 0.5901 0.4602, -0.3663 0.5792 0.4225, -0.3644 0.5789 0.4216, -0.3644 0.5785 0.4217, -0.3644 0.5785 0.4216, -0.3623 0.5787 0.421, -0.3623 0.5783 0.421, -0.3583 0.5786 0.4206, -0.3583 0.5781 0.4206, -0.3663 0.5788 0.4225, -0.3698 0.5795 0.4249, -0.3698 0.58 0.4249, -0.3704 0.5798 0.4256, -0.3704 0.5802 0.4256, -0.3742 0.5811 0.4299, -0.3742 0.5815 0.4299, -0.3788 0.5838 0.4387, -0.3788 0.5842 0.4387, -0.3518 0.5788 0.4214, -0.3518 0.5784 0.4214, -0.3561 0.5782 0.4207, -0.3561 0.5786 0.4207, -0.3576 0.5813 0.4292, -0.3576 0.5809 0.4292, -0.3557 0.5813 0.4293, -0.3557 0.5809 0.4293, -0.3539 0.5815 0.4297, -0.3539 0.5811 0.4298, -0.3519 0.5813 0.4304, -0.3519 0.5817 0.4304, -0.3679 0.5837 0.4372, -0.3679 0.5833 0.4372, -0.3659 0.5822 0.4336, -0.3659 0.5827 0.4336, -0.364 0.5816 0.4315, -0.364 0.582 0.4315, -0.3622 0.5812 0.4302, -0.3622 0.5816 0.4302, -0.3611 0.5815 0.4298, -0.3611 0.5811 0.4298, -0.36 0.5814 0.4294, -0.36 0.581 0.4294, -0.3789 0.5904 0.4615, -0.3789 0.59 0.4615, -0.3782 0.5893 0.4588, -0.3782 0.5897 0.4588, -0.3776 0.5888 0.4569, -0.3776 0.5892 0.4569, -0.4052 0.5991 0.5044, -0.4052 0.5995 0.5044, -0.3518 0.5785 0.4217, -0.3724 0.5863 0.4475, -0.3724 0.5867 0.4475, -0.3503 0.5992 0.5048, -0.3503 0.5996 0.5048, -0.3615 0.5992 0.5047, -0.3615 0.5996 0.5047, -0.3762 0.59 0.4616, -0.3762 0.5904 0.4616, -0.3774 0.5888 0.4569, -0.3774 0.5892 0.4569, -0.3948 0.5991 0.5044, -0.3948 0.5995 0.5044, -0.4587 0.5861 0.4468, -0.4587 0.5865 0.4468, -0.4156 0.5862 0.4471, -0.4156 0.5866 0.4471, -0.4162 0.6027 0.5272, -0.4162 0.6031 0.5272, -0.4574 0.6026 0.5269, -0.4574 0.603 0.5269, -0.4574 0.6013 0.5177, -0.4574 0.6017 0.5177, -0.4265 0.6013 0.5179, -0.4265 0.6017 0.5179, -0.4263 0.5969 0.4923, -0.4263 0.5973 0.4923, -0.4549 0.5968 0.4921, -0.4549 0.5972 0.4921, -0.4548 0.5949 0.4829, -0.4548 0.5953 0.4829, -0.4262 0.595 0.4831, -0.4262 0.5954 0.4831, -0.426 0.5886 0.4562, -0.426 0.589 0.4562, -0.4588 0.5885 0.4559, -0.4588 0.5889 0.4559, -0.4958 0.5864 0.4465, -0.4958 0.586 0.4465, -0.5026 0.5865 0.4469, -0.5026 0.5861 0.4469, -0.5093 0.5868 0.4481, -0.5093 0.5864 0.4481, -0.5185 0.5874 0.4516, -0.5185 0.5878 0.4516, -0.527 0.589 0.4575, -0.527 0.5894 0.4575, -0.5323 0.5905 0.4636, -0.5323 0.5909 0.4636, -0.5366 0.5924 0.4717, -0.5366 0.5928 0.4717, -0.5389 0.5945 0.4808, -0.5389 0.5949 0.4808, -0.5393 0.5959 0.4873, -0.5393 0.5963 0.4873, -0.5381 0.598 0.4983, -0.5381 0.5984 0.4983, -0.5352 0.5994 0.5059, -0.5352 0.5998 0.5059, -0.5303 0.6006 0.513, -0.5303 0.601 0.513, -0.5274 0.601 0.5158, -0.5274 0.6014 0.5158, -0.5191 0.6019 0.5216, -0.5191 0.6023 0.5216, -0.5094 0.6024 0.5252, -0.5094 0.6028 0.5252, -0.4972 0.6026 0.5266, -0.4972 0.603 0.5266, -0.5068 0.5888 0.4569, -0.5135 0.5898 0.4594, -0.5135 0.5894 0.4594, -0.5187 0.5907 0.4629, -0.5187 0.5903 0.4629, -0.5197 0.591 0.4639, -0.5197 0.5905 0.4639, -0.4958 0.5885 0.4557, -0.4958 0.5889 0.4557, -0.5014 0.5885 0.4559, -0.5014 0.5889 0.4559, -0.5068 0.5892 0.4569, -0.5284 0.5962 0.4871, -0.5284 0.5958 0.4871, -0.5281 0.5948 0.4823, -0.5281 0.5952 0.4823, -0.5266 0.5932 0.4749, -0.5266 0.5936 0.4749, -0.5238 0.5918 0.4689, -0.5238 0.5922 0.4689, -0.5198 0.6004 0.5097, -0.5198 0.6 0.5097, -0.5227 0.5995 0.5067, -0.5227 0.5999 0.5067, -0.5256 0.5987 0.502, -0.5256 0.5991 0.502, -0.5276 0.5975 0.4957, -0.5276 0.5979 0.4957, -0.4967 0.6017 0.5174, -0.4967 0.6013 0.5174, -0.5072 0.6011 0.5161, -0.5072 0.6015 0.5161, -0.5141 0.6007 0.5136, -0.5141 0.6011 0.5136, -0.4738 0.586 0.4467, -0.4738 0.5865 0.4467, -0.4744 0.6026 0.5268, -0.4744 0.603 0.5268, -0.4846 0.6017 0.5175, -0.4846 0.6013 0.5175, -0.4842 0.5889 0.4558, -0.4842 0.5885 0.4558
            ]
        }
        coordIndex [
            0,1,2,-1,0,2,3,-1,3,2,4,-1,3,4,5,-1,5,4,6,-1,5,6,7,-1,7,6,8,-1,7,8,9,-1,9,8,10,-1,9,10,11,-1,11,10,12,-1,11,12,13,-1,13,12,14,-1,13,14,15,-1,15,14,16,-1,15,16,17,-1,18,19,20,-1,18,20,21,-1,21,20,22,-1,21,22,23,-1,23,22,24,-1,23,24,25,-1,25,24,1,-1,25,1,0,-1,26,27,28,-1,26,28,29,-1,29,28,19,-1,29,19,18,-1,30,31,32,-1,30,32,33,-1,33,32,34,-1,33,34,35,-1,35,34,27,-1,35,27,26,-1,36,37,38,-1,36,38,39,-1,39,38,40,-1,39,40,41,-1,41,40,31,-1,41,31,30,-1,42,43,44,-1,42,44,45,-1,45,44,46,-1,45,46,47,-1,47,46,48,-1,47,48,49,-1,49,48,37,-1,49,37,36,-1,50,51,52,-1,50,52,53,-1,53,52,54,-1,53,54,55,-1,55,54,43,-1,55,43,42,-1,56,57,58,-1,56,58,59,-1,59,58,51,-1,59,51,50,-1,60,61,62,-1,60,62,63,-1,63,62,64,-1,63,64,65,-1,65,64,66,-1,65,66,67,-1,68,69,70,-1,68,70,71,-1,71,70,72,-1,71,72,73,-1,73,72,61,-1,73,61,60,-1,74,75,76,-1,74,76,77,-1,77,76,78,-1,77,78,79,-1,79,78,80,-1,79,80,81,-1,81,80,69,-1,81,69,68,-1,82,83,84,-1,82,84,85,-1,85,84,86,-1,85,86,87,-1,87,86,88,-1,87,88,89,-1,89,88,75,-1,89,75,74,-1,90,91,92,-1,90,92,93,-1,93,92,83,-1,93,83,82,-1,94,95,96,-1,94,96,97,-1,97,96,98,-1,97,98,99,-1,99,98,91,-1,99,91,90,-1,100,101,102,-1,100,102,103,-1,103,102,104,-1,103,104,105,-1,105,104,95,-1,105,95,94,-1,106,107,108,-1,106,108,109,-1,109,108,110,-1,109,110,111,-1,111,110,112,-1,111,112,113,-1,113,112,101,-1,113,101,100,-1,114,115,116,-1,114,116,117,-1,117,116,118,-1,117,118,119,-1,119,118,107,-1,119,107,106,-1,120,121,122,-1,120,122,123,-1,123,122,115,-1,123,115,114,-1,17,16,124,-1,17,124,125,-1,125,124,126,-1,125,126,127,-1,127,126,128,-1,127,128,129,-1,57,56,66,-1,66,56,67,-1,121,120,128,-1,128,120,129,-1,117,13,15,-1,117,15,114,-1,114,15,17,-1,114,17,123,-1,123,17,125,-1,123,125,120,-1,120,125,127,-1,120,127,129,-1,13,117,11,-1,11,117,119,-1,11,119,9,-1,9,119,106,-1,9,106,7,-1,7,106,109,-1,7,109,5,-1,5,109,111,-1,5,111,3,-1,3,111,113,-1,3,113,0,-1,0,113,100,-1,0,100,25,-1,25,100,103,-1,25,103,23,-1,23,103,105,-1,23,105,21,-1,21,105,94,-1,21,94,18,-1,18,94,97,-1,18,97,29,-1,29,97,99,-1,29,99,26,-1,26,99,90,-1,26,90,35,-1,35,90,93,-1,35,93,33,-1,33,93,82,-1,33,82,30,-1,30,82,85,-1,30,85,41,-1,41,85,87,-1,41,87,39,-1,39,87,89,-1,39,89,36,-1,36,89,74,-1,36,74,49,-1,49,74,77,-1,49,77,47,-1,47,77,79,-1,47,79,45,-1,45,79,81,-1,45,81,42,-1,42,81,55,-1,55,81,68,-1,55,68,53,-1,68,71,53,-1,53,71,73,-1,53,73,50,-1,50,73,60,-1,50,60,59,-1,59,60,63,-1,59,63,56,-1,56,63,65,-1,56,65,67,-1,130,131,132,-1,132,131,133,-1,133,131,134,-1,133,134,135,-1,135,134,136,-1,135,136,137,-1,132,138,130,-1,130,138,139,-1,130,139,140,-1,140,139,141,-1,140,141,142,-1,142,141,143,-1,142,143,144,-1,144,143,145,-1,144,145,146,-1,147,148,149,-1,147,149,150,-1,150,149,137,-1,150,137,136,-1,151,152,153,-1,153,152,154,-1,153,154,155,-1,154,156,155,-1,155,156,157,-1,155,157,158,-1,159,160,161,-1,159,161,162,-1,162,161,163,-1,162,163,164,-1,164,163,165,-1,164,165,166,-1,166,165,167,-1,167,165,168,-1,167,168,169,-1,168,170,169,-1,169,170,152,-1,169,152,151,-1,171,172,173,-1,171,173,174,-1,174,173,175,-1,174,175,176,-1,177,178,145,-1,145,178,146,-1,148,147,179,-1,179,147,158,-1,179,158,157,-1,160,159,180,-1,180,159,181,-1,180,181,182,-1,182,181,183,-1,182,183,184,-1,184,183,185,-1,184,185,186,-1,186,185,187,-1,186,187,188,-1,188,187,189,-1,188,189,175,-1,175,189,176,-1,172,171,190,-1,190,171,191,-1,190,191,177,-1,177,191,178,-1,178,191,146,-1,146,191,171,-1,146,171,174,-1,144,146,181,-1,181,159,144,-1,144,159,162,-1,144,162,142,-1,142,162,164,-1,142,164,140,-1,140,164,130,-1,130,164,166,-1,130,166,131,-1,131,166,167,-1,131,167,134,-1,134,167,169,-1,134,169,136,-1,136,169,151,-1,136,151,150,-1,150,151,153,-1,150,153,147,-1,147,153,155,-1,147,155,158,-1,185,183,187,-1,187,183,181,-1,187,181,189,-1,189,181,146,-1,189,146,176,-1,176,146,174,-1,192,193,194,-1,194,193,195,-1,194,195,196,-1,196,195,197,-1,196,197,198,-1,198,197,199,-1,198,199,200,-1,200,199,201,-1,200,201,202,-1,202,201,203,-1,202,203,204,-1,204,203,205,-1,204,205,206,-1,206,205,207,-1,206,207,208,-1,208,207,209,-1,208,209,210,-1,210,209,211,-1,210,211,212,-1,212,211,213,-1,212,213,214,-1,214,213,215,-1,214,215,192,-1,192,215,193,-1,195,193,215,-1,215,213,195,-1,195,213,211,-1,195,211,197,-1,201,199,203,-1,203,199,197,-1,203,197,205,-1,205,197,211,-1,205,211,207,-1,207,211,209,-1,216,217,218,-1,218,217,219,-1,218,219,220,-1,219,221,220,-1,220,221,222,-1,220,222,223,-1,223,222,224,-1,223,224,225,-1,225,224,226,-1,225,226,227,-1,227,226,228,-1,227,228,229,-1,229,228,230,-1,229,230,231,-1,231,230,232,-1,231,232,233,-1,233,232,234,-1,233,234,235,-1,235,234,236,-1,235,236,237,-1,237,236,238,-1,237,238,239,-1,239,238,240,-1,239,240,241,-1,241,240,242,-1,241,242,243,-1,243,242,244,-1,243,244,245,-1,245,244,246,-1,245,246,247,-1,248,249,250,-1,250,249,251,-1,250,251,252,-1,252,251,253,-1,252,253,254,-1,255,256,257,-1,257,256,258,-1,257,258,248,-1,248,258,259,-1,248,259,249,-1,260,261,262,-1,260,262,263,-1,263,262,264,-1,263,264,265,-1,265,264,266,-1,265,266,267,-1,267,266,254,-1,267,254,253,-1,268,269,270,-1,268,270,271,-1,271,270,272,-1,271,272,273,-1,273,272,274,-1,273,274,275,-1,275,274,261,-1,275,261,260,-1,276,277,278,-1,276,278,279,-1,279,278,280,-1,279,280,281,-1,281,280,269,-1,281,269,268,-1,217,216,282,-1,282,216,283,-1,284,285,246,-1,246,285,247,-1,282,283,284,-1,284,283,285,-1,276,286,277,-1,277,286,287,-1,286,288,287,-1,287,288,289,-1,288,256,289,-1,289,256,255,-1,267,253,225,-1,225,253,251,-1,225,251,223,-1,223,251,249,-1,223,249,220,-1,220,249,259,-1,220,259,218,-1,218,259,258,-1,218,258,216,-1,216,258,256,-1,216,256,283,-1,283,256,288,-1,283,288,285,-1,285,288,286,-1,285,286,247,-1,247,286,276,-1,247,276,245,-1,245,276,279,-1,245,279,243,-1,243,279,281,-1,243,281,241,-1,241,281,268,-1,241,268,239,-1,239,268,271,-1,239,271,237,-1,237,271,273,-1,237,273,235,-1,235,273,275,-1,235,275,233,-1,233,275,260,-1,233,260,231,-1,231,260,263,-1,231,263,229,-1,229,263,265,-1,229,265,227,-1,227,265,267,-1,227,267,225,-1,
        ]
    }
}
Shape{
    appearance Appearance {
        material  Material 	{
            diffuseColor 0.30980392156862746 0.30980392156862746 0.30980392156862746
            specularColor 0.1568627450980392 0.1568627450980392 0.1568627450980392
            ambientIntensity 0.3098
            transparency 0.0
            shininess 0.5
        }
    }
    geometry IndexedFaceSet {
        ccw TRUE
        solid FALSE
        coord DEF co Coordinate {
            point [
                -0.4967 0.6013 0.5174, -0.4846 0.6013 0.5175, -0.4842 0.5885 0.4558, -0.5281 0.5948 0.4823, -0.5284 0.5958 0.4871, -0.4958 0.5885 0.4557, -0.5014 0.5885 0.4559, -0.5068 0.5888 0.4569, -0.5135 0.5894 0.4594, -0.5187 0.5903 0.4629, -0.5197 0.5905 0.4639, -0.5238 0.5918 0.4689, -0.5266 0.5932 0.4749, -0.5276 0.5975 0.4957, -0.5256 0.5987 0.502, -0.5227 0.5995 0.5067, -0.5198 0.6 0.5097, -0.5141 0.6007 0.5136, -0.5072 0.6011 0.5161
            ]
        }
        coordIndex [
            0,1,2,-1,3,4,0,-1,2,5,0,-1,0,5,6,-1,0,6,7,-1,7,8,0,-1,0,8,9,-1,0,9,10,-1,10,11,0,-1,0,11,12,-1,0,12,3,-1,4,13,0,-1,0,13,14,-1,0,14,15,-1,15,16,0,-1,0,16,17,-1,0,17,18,-1,
        ]
    }
}
Shape{
    appearance Appearance {
        material  Material 	{
            diffuseColor 1.0 1.0 1.0
            specularColor 0.5019607843137255 0.5019607843137255 0.5019607843137255
            ambientIntensity 1.0
            transparency 0.0
            shininess 0.5
        }
    }
    geometry IndexedFaceSet {
        ccw TRUE
        solid FALSE
        coord DEF co Coordinate {
            point [
                -0.5799 0.6014 0.5158, -0.5799 0.601 0.5158, -0.5806 0.6005 0.5124, -0.5806 0.6009 0.5124, -0.5811 0.6001 0.5102, -0.5811 0.6005 0.5102, -0.5783 0.6005 0.5102, -0.5783 0.6001 0.5102, -0.5788 0.6005 0.5126, -0.5788 0.6009 0.5126, -0.5796 0.601 0.5158, -0.5796 0.6014 0.5158, -0.5856 0.6025 0.526, -0.5856 0.6029 0.526, -0.6155 0.5858 0.4457, -0.6155 0.5862 0.4457, -0.5745 0.6025 0.5261, -0.5745 0.6029 0.5261, -0.5434 0.5859 0.4462, -0.5434 0.5863 0.4462, -0.5549 0.5859 0.4461, -0.5549 0.5863 0.4461, -0.5627 0.5916 0.468, -0.5627 0.592 0.468, -0.5961 0.5915 0.4677, -0.5961 0.5919 0.4677, -0.6041 0.5858 0.4458, -0.6041 0.5862 0.4458, -0.5661 0.594 0.477, -0.5929 0.594 0.4768, -0.5661 0.5936 0.477, -0.5929 0.5936 0.4768
            ]
        }
        coordIndex [
            0,1,2,-1,0,2,3,-1,3,2,4,-1,3,4,5,-1,6,7,8,-1,6,8,9,-1,9,8,10,-1,9,10,11,-1,12,13,14,-1,14,13,15,-1,16,17,12,-1,12,17,13,-1,18,19,16,-1,16,19,17,-1,20,21,18,-1,18,21,19,-1,22,23,20,-1,20,23,21,-1,24,25,22,-1,22,25,23,-1,26,27,24,-1,24,27,25,-1,14,15,26,-1,26,15,27,-1,28,29,30,-1,30,29,31,-1,29,5,31,-1,31,5,4,-1,0,11,1,-1,1,11,10,-1,6,28,7,-1,7,28,30,-1,17,11,13,-1,13,11,0,-1,13,0,3,-1,3,5,13,-1,13,5,29,-1,13,29,15,-1,19,21,23,-1,28,6,17,-1,17,6,9,-1,17,9,11,-1,27,15,25,-1,25,15,29,-1,25,29,23,-1,23,29,28,-1,23,28,19,-1,19,28,17,-1,
        ]
    }
}
Shape{
    appearance Appearance {
        material  Material 	{
            diffuseColor 0.30980392156862746 0.30980392156862746 0.30980392156862746
            specularColor 0.1568627450980392 0.1568627450980392 0.1568627450980392
            ambientIntensity 0.3098
            transparency 0.0
            shininess 0.5
        }
    }
    geometry IndexedFaceSet {
        ccw TRUE
        solid FALSE
        coord DEF co Coordinate {
            point [
                -0.5661 0.5936 0.477, -0.5929 0.5936 0.4768, -0.5783 0.6001 0.5102, -0.5811 0.6001 0.5102, -0.5788 0.6005 0.5126, -0.5806 0.6005 0.5124, -0.5796 0.601 0.5158, -0.5799 0.601 0.5158
            ]
        }
        coordIndex [
            0,1,2,-1,2,1,3,-1,2,3,4,-1,4,3,5,-1,4,5,6,-1,6,5,7,-1,
        ]
    }
}
Shape{
    appearance Appearance {
        material  Material 	{
            diffuseColor 1.0 1.0 1.0
            specularColor 0.5019607843137255 0.5019607843137255 0.5019607843137255
            ambientIntensity 1.0
            transparency 0.0
            shininess 0.5
        }
    }
    geometry IndexedFaceSet {
        ccw TRUE
        solid FALSE
        coord DEF co Coordinate {
            point [
                -0.1289 0.6033 0.5286, -0.1289 0.6029 0.5286, -0.1264 0.6055 0.5472, -0.1265 0.605 0.5465, -0.1264 0.6051 0.5472, -0.1196 0.6067 0.5646, -0.1196 0.6071 0.5646, -0.108 0.6077 0.5809, -0.108 0.6081 0.5809, -0.0977 0.6084 0.5898, -0.0927 0.6082 0.5941, -0.0927 0.6085 0.5941, -0.0758 0.6083 0.6026, -0.0758 0.6087 0.6026, -0.073 0.6083 0.6035, -0.073 0.6087 0.6035, -0.0614 0.6081 0.6267, -0.0614 0.6085 0.6267, -0.0426 0.6072 0.6487, -0.0426 0.6075 0.6487, -0.0185 0.6059 0.6654, -0.0185 0.6063 0.6654, 0.0047 0.605 0.674, 0.0099 0.6052 0.676, 0.0099 0.6048 0.676, 0.0346 0.6045 0.6789, 0.0346 0.6049 0.6789, 0.0625 0.6048 0.6757, 0.0625 0.6052 0.6757, 0.0669 0.605 0.674, 0.0888 0.6062 0.6658, 0.0888 0.6058 0.6658, 0.1031 0.6066 0.6572, 0.1031 0.607 0.6572, 0.1165 0.6073 0.6458, 0.1165 0.6077 0.6458, 0.1283 0.608 0.6323, 0.1283 0.6084 0.6323, 0.1283 0.6084 0.6323, 0.1348 0.6079 0.6329, 0.1348 0.6083 0.6329, 0.1414 0.6079 0.6335, 0.1414 0.6083 0.6335, 0.1414 0.6079 0.6335, 0.1638 0.608 0.6309, 0.1638 0.6084 0.6309, 0.185 0.6082 0.6229, 0.185 0.6086 0.6229, 0.2032 0.6084 0.6103, 0.2032 0.6088 0.6103, 0.207 0.6084 0.6067, 0.207 0.6088 0.6067, 0.2342 0.6045 0.542, 0.2342 0.6049 0.542, 0.2341 0.605 0.5465, 0.234 0.6055 0.5474, 0.234 0.6051 0.5474, 0.2301 0.6074 0.5688, 0.2301 0.607 0.5688, 0.2208 0.6084 0.5892, 0.2208 0.608 0.5892, 0.2204 0.6084 0.5898, 0.2316 0.6016 0.5196, 0.2316 0.602 0.5196, 0.224 0.5986 0.4994, 0.2236 0.598 0.4984, 0.2236 0.5984 0.4984, 0.2108 0.5943 0.4797, 0.2108 0.5947 0.4797, 0.1931 0.5907 0.4645, 0.1931 0.5911 0.4645, 0.1726 0.5881 0.4543, 0.1726 0.5885 0.4543, 0.1654 0.5875 0.4521, 0.1654 0.5879 0.4521, 0.1598 0.5841 0.4398, 0.1598 0.5845 0.4398, 0.1514 0.5809 0.4293, 0.1514 0.5813 0.4293, 0.1414 0.5785 0.4217, 0.1403 0.5786 0.4208, 0.1403 0.5782 0.4208, 0.1272 0.5764 0.4152, 0.1272 0.5768 0.4152, 0.1138 0.5756 0.4131, 0.1138 0.576 0.4131, 0.1116 0.5756 0.413, 0.1116 0.576 0.413, 0.0978 0.5762 0.4146, 0.0978 0.5766 0.4146, 0.0851 0.5778 0.4194, 0.0851 0.5782 0.4194, 0.0818 0.5785 0.4217, 0.0737 0.5807 0.4272, 0.0737 0.5803 0.4272, 0.0649 0.5832 0.4369, 0.0649 0.5836 0.4369, 0.0581 0.5868 0.4495, 0.0581 0.5872 0.4495, 0.0546 0.5905 0.4636, 0.0546 0.5909 0.4636, 0.0543 0.5919 0.4695, 0.0543 0.5923 0.4695, 0.0683 0.6001 0.5078, 0.0683 0.5997 0.5078, 0.0782 0.6012 0.5169, 0.0782 0.6016 0.5169, 0.0902 0.6022 0.5235, 0.0902 0.6026 0.5235, 0.1039 0.6027 0.527, 0.1039 0.6031 0.527, 0.1108 0.6027 0.5274, 0.1108 0.6031 0.5274, 0.1244 0.6025 0.5258, 0.1244 0.6029 0.5258, 0.137 0.6018 0.5211, 0.137 0.6022 0.5211, 0.1487 0.6006 0.5131, 0.1487 0.601 0.5131, 0.1582 0.5988 0.5024, 0.1582 0.5992 0.5024, 0.1598 0.5986 0.4994, 0.1646 0.5965 0.4902, 0.1646 0.5969 0.4902, 0.177 0.598 0.498, 0.177 0.5984 0.498, 0.1783 0.5986 0.4994, 0.1871 0.5998 0.5085, 0.1871 0.6002 0.5085, 0.1938 0.6017 0.5201, 0.1938 0.6021 0.5201, 0.1977 0.6036 0.534, 0.1977 0.604 0.534, 0.1984 0.6046 0.5428, 0.1984 0.605 0.5428, 0.1979 0.605 0.5465, 0.1966 0.6064 0.5566, 0.1966 0.606 0.5566, 0.1916 0.607 0.5693, 0.1916 0.6074 0.5693, 0.1836 0.6076 0.5806, 0.1836 0.608 0.5806, 0.1738 0.608 0.5892, 0.1738 0.6084 0.5892, 0.1727 0.6084 0.5898, 0.1611 0.6082 0.5959, 0.1611 0.6086 0.5959, 0.147 0.6083 0.5991, 0.147 0.6087 0.5991, 0.141 0.6083 0.5994, 0.141 0.6087 0.5994, 0.141 0.6087 0.5994, 0.1276 0.6082 0.5976, 0.1276 0.6086 0.5976, 0.1149 0.6081 0.5928, 0.1149 0.6085 0.5928, 0.1109 0.608 0.5906, 0.1109 0.6084 0.5906, 0.1109 0.6081 0.5906, 0.1021 0.6084 0.6086, 0.1021 0.6088 0.6086, 0.0892 0.6082 0.6237, 0.0892 0.6086 0.6237, 0.0739 0.6079 0.6348, 0.0739 0.6083 0.6348, 0.0553 0.6075 0.6422, 0.0553 0.6079 0.6422, 0.0343 0.6074 0.6447, 0.0343 0.6078 0.6447, 0.015 0.6075 0.6422, 0.015 0.6079 0.6422, -0.0028 0.6079 0.6352, -0.0028 0.6082 0.6352, -0.0188 0.6082 0.624, -0.0188 0.6086 0.624, -0.0201 0.6082 0.6228, -0.0201 0.6086 0.6228, -0.0329 0.6084 0.6073, -0.0329 0.6088 0.6073, -0.0411 0.6084 0.5898, -0.0415 0.608 0.5889, -0.0415 0.6084 0.5889, -0.0449 0.6072 0.573, -0.0449 0.6076 0.573, -0.0495 0.6076 0.573, -0.0495 0.6072 0.573, -0.0603 0.6071 0.5716, -0.0603 0.6075 0.5716, -0.0702 0.6069 0.5677, -0.0702 0.6073 0.5677, -0.079 0.6064 0.5614, -0.079 0.6068 0.5614, -0.0855 0.6058 0.5541, -0.0855 0.6062 0.5541, -0.0895 0.605 0.5465, -0.0907 0.6052 0.5442, -0.0907 0.6048 0.5442, -0.0933 0.6035 0.5333, -0.0933 0.6039 0.5333, -0.0936 0.6028 0.5282, -0.0936 0.6032 0.5282, -0.0921 0.6012 0.5172, -0.0921 0.6016 0.5172, -0.0881 0.5996 0.507, -0.0881 0.6 0.507, -0.0826 0.5986 0.4994, -0.0818 0.598 0.4982, -0.0818 0.5984 0.4982, -0.0811 0.5979 0.4974, -0.0811 0.5983 0.4974, -0.0726 0.5965 0.4906, -0.0726 0.5969 0.4906, -0.0625 0.5956 0.486, -0.0625 0.596 0.486, -0.0523 0.5952 0.4841, -0.0523 0.5956 0.4841, -0.0267 0.5956 0.4843, -0.0267 0.5952 0.4843, -0.0255 0.5953 0.4845, -0.0255 0.5957 0.4845, -0.0238 0.5954 0.4849, -0.0238 0.5957 0.4848, -0.0232 0.5954 0.4849, -0.0232 0.5958 0.4849, -0.0232 0.5958 0.4849, -0.0188 0.5952 0.4844, -0.0188 0.5956 0.4844, -0.0149 0.5949 0.4829, -0.0149 0.5953 0.4829, -0.0114 0.5944 0.4804, -0.0114 0.5948 0.4804, -0.009 0.5938 0.4778, -0.009 0.5942 0.4778, -0.0068 0.593 0.474, -0.0068 0.5934 0.474, -0.0056 0.5919 0.4696, -0.0056 0.5924 0.4696, -0.0055 0.5914 0.4674, -0.0055 0.5918 0.4674, -0.006 0.5904 0.4631, -0.006 0.5908 0.4631, -0.0075 0.5894 0.4593, -0.0075 0.5898 0.4593, -0.0099 0.5885 0.4557, -0.0099 0.5889 0.4557, -0.0112 0.5881 0.4543, -0.0112 0.5885 0.4543, -0.0149 0.5874 0.4517, -0.0149 0.5878 0.4517, -0.0186 0.587 0.4502, -0.0186 0.5874 0.4502, -0.0219 0.5869 0.4496, -0.0219 0.5873 0.4496, -0.0554 0.5872 0.4494, -0.0554 0.5868 0.4494, -0.0744 0.5878 0.4533, -0.0744 0.5882 0.4533, -0.0918 0.59 0.4616, -0.0918 0.5904 0.4616, -0.1074 0.5931 0.4746, -0.1074 0.5935 0.4746, -0.1188 0.5965 0.4903, -0.1188 0.5969 0.4903, -0.1225 0.5985 0.4994, -0.1261 0.5998 0.5083, -0.1261 0.6002 0.5083, 0.1062 0.5864 0.4479, 0.1013 0.5873 0.4498, 0.1013 0.5869 0.4498, 0.097 0.5881 0.4529, 0.097 0.5877 0.4529, 0.0938 0.589 0.4563, 0.0938 0.5886 0.4563, 0.0912 0.5903 0.4612, 0.0912 0.5899 0.4612, 0.0898 0.5916 0.4667, 0.0898 0.5912 0.4667, 0.0897 0.5929 0.4719, 0.0897 0.5925 0.4719, 0.091 0.5941 0.4771, 0.091 0.5937 0.4771, 0.0934 0.5951 0.4818, 0.0934 0.5947 0.4818, 0.0971 0.596 0.486, 0.0971 0.5956 0.486, 0.1016 0.5966 0.4891, 0.1016 0.5962 0.4891, 0.1069 0.597 0.491, 0.1069 0.5966 0.491, 0.1116 0.5971 0.4916, 0.1116 0.5967 0.4916, 0.112 0.5862 0.4472, 0.112 0.5866 0.4472, 0.1091 0.5862 0.4473, 0.1091 0.5866 0.4473, 0.1062 0.5868 0.4479, 0.1129 0.5862 0.4472, 0.1129 0.5866 0.4472, 0.118 0.5864 0.4481, 0.118 0.5868 0.4481, 0.1232 0.587 0.4503, 0.1232 0.5874 0.4503, 0.1275 0.5879 0.4537, 0.1275 0.5883 0.4537, 0.1307 0.589 0.4577, 0.1307 0.5894 0.4577, 0.1329 0.5902 0.4625, 0.1329 0.5906 0.4625, 0.1339 0.5915 0.4679, 0.1339 0.5919 0.4679, 0.1336 0.5928 0.4734, 0.1336 0.5932 0.4734, 0.1319 0.594 0.4788, 0.1319 0.5944 0.4788, 0.1289 0.5951 0.4835, 0.1289 0.5955 0.4835, 0.1267 0.5956 0.4858, 0.1267 0.596 0.4858, 0.1222 0.5962 0.489, 0.1222 0.5966 0.489, 0.1172 0.5966 0.4909, 0.1172 0.597 0.4909, 0.0543 0.5932 0.4752, 0.0543 0.5936 0.4752, 0.0076 0.5983 0.4994, -0.0257 0.6012 0.5168, -0.0257 0.6016 0.5168, -0.0083 0.6055 0.5471, -0.0087 0.605 0.5465, -0.0083 0.6051 0.5471, -0.0071 0.605 0.5465, -0.0267 0.5952 0.4843, 0.1353 0.601 0.5134
            ]
        }
        coordIndex [
            0,1,2,-1,2,1,3,-1,3,4,2,-1,2,4,5,-1,2,5,6,-1,6,5,7,-1,6,7,8,-1,8,7,9,-1,9,7,10,-1,9,10,11,-1,11,10,12,-1,11,12,13,-1,13,12,14,-1,13,14,15,-1,15,14,16,-1,15,16,17,-1,17,16,18,-1,17,18,19,-1,19,18,20,-1,19,20,21,-1,21,20,22,-1,21,22,23,-1,22,24,23,-1,23,24,25,-1,23,25,26,-1,26,25,27,-1,26,27,28,-1,28,27,29,-1,28,29,30,-1,29,31,30,-1,30,31,32,-1,30,32,33,-1,33,32,34,-1,33,34,35,-1,35,34,36,-1,35,36,37,-1,38,36,39,-1,38,39,40,-1,40,39,41,-1,40,41,42,-1,42,43,44,-1,42,44,45,-1,45,44,46,-1,45,46,47,-1,47,46,48,-1,47,48,49,-1,49,48,50,-1,49,50,51,-1,52,53,54,-1,54,53,55,-1,54,55,56,-1,56,55,57,-1,56,57,58,-1,58,57,59,-1,58,59,60,-1,60,59,61,-1,60,61,50,-1,50,61,51,-1,52,62,53,-1,53,62,63,-1,63,62,64,-1,64,62,65,-1,64,65,66,-1,66,65,67,-1,66,67,68,-1,68,67,69,-1,68,69,70,-1,70,69,71,-1,70,71,72,-1,72,71,73,-1,72,73,74,-1,74,73,75,-1,74,75,76,-1,76,75,77,-1,76,77,78,-1,78,77,79,-1,78,79,80,-1,79,81,80,-1,80,81,82,-1,80,82,83,-1,83,82,84,-1,83,84,85,-1,85,84,86,-1,85,86,87,-1,87,86,88,-1,87,88,89,-1,89,88,90,-1,89,90,91,-1,91,90,92,-1,91,92,93,-1,92,94,93,-1,93,94,95,-1,93,95,96,-1,96,95,97,-1,96,97,98,-1,98,97,99,-1,98,99,100,-1,100,99,101,-1,100,101,102,-1,103,104,105,-1,103,105,106,-1,106,105,107,-1,106,107,108,-1,108,107,109,-1,108,109,110,-1,110,109,111,-1,110,111,112,-1,112,111,113,-1,112,113,114,-1,114,113,115,-1,114,115,116,-1,116,115,117,-1,116,117,118,-1,118,117,119,-1,118,119,120,-1,120,119,121,-1,121,119,122,-1,121,122,123,-1,122,124,123,-1,123,124,125,-1,125,124,126,-1,126,124,127,-1,126,127,128,-1,128,127,129,-1,128,129,130,-1,130,129,131,-1,130,131,132,-1,132,131,133,-1,132,133,134,-1,134,133,135,-1,134,135,136,-1,135,137,136,-1,136,137,138,-1,136,138,139,-1,139,138,140,-1,139,140,141,-1,141,140,142,-1,141,142,143,-1,143,142,144,-1,144,142,145,-1,144,145,146,-1,146,145,147,-1,146,147,148,-1,148,147,149,-1,148,149,150,-1,151,149,152,-1,151,152,153,-1,153,152,154,-1,153,154,155,-1,155,154,156,-1,155,156,157,-1,157,158,159,-1,157,159,160,-1,160,159,161,-1,160,161,162,-1,162,161,163,-1,162,163,164,-1,164,163,165,-1,164,165,166,-1,166,165,167,-1,166,167,168,-1,168,167,169,-1,168,169,170,-1,170,169,171,-1,170,171,172,-1,172,171,173,-1,172,173,174,-1,174,173,175,-1,174,175,176,-1,176,175,177,-1,176,177,178,-1,178,177,179,-1,179,177,180,-1,179,180,181,-1,181,180,182,-1,181,182,183,-1,184,185,186,-1,184,186,187,-1,187,186,188,-1,187,188,189,-1,189,188,190,-1,189,190,191,-1,191,190,192,-1,191,192,193,-1,193,192,194,-1,193,194,195,-1,194,196,195,-1,195,196,197,-1,195,197,198,-1,198,197,199,-1,198,199,200,-1,200,199,201,-1,200,201,202,-1,202,201,203,-1,202,203,204,-1,204,203,205,-1,205,203,206,-1,205,206,207,-1,207,206,208,-1,207,208,209,-1,209,208,210,-1,209,210,211,-1,211,210,212,-1,211,212,213,-1,213,212,214,-1,213,214,215,-1,216,217,218,-1,216,218,219,-1,219,218,220,-1,219,220,221,-1,221,220,222,-1,221,222,223,-1,224,222,225,-1,224,225,226,-1,226,225,227,-1,226,227,228,-1,228,227,229,-1,228,229,230,-1,230,229,231,-1,230,231,232,-1,232,231,233,-1,232,233,234,-1,234,233,235,-1,234,235,236,-1,236,235,237,-1,236,237,238,-1,238,237,239,-1,238,239,240,-1,240,239,241,-1,240,241,242,-1,242,241,243,-1,242,243,244,-1,244,243,245,-1,244,245,246,-1,246,245,247,-1,246,247,248,-1,248,247,249,-1,248,249,250,-1,250,249,251,-1,250,251,252,-1,253,254,255,-1,253,255,256,-1,256,255,257,-1,256,257,258,-1,258,257,259,-1,258,259,260,-1,259,261,260,-1,260,261,262,-1,262,261,263,-1,263,261,264,-1,263,264,265,-1,265,264,1,-1,265,1,0,-1,266,267,268,-1,268,267,269,-1,268,269,270,-1,270,269,271,-1,270,271,272,-1,272,271,273,-1,272,273,274,-1,274,273,275,-1,274,275,276,-1,276,275,277,-1,276,277,278,-1,278,277,279,-1,278,279,280,-1,280,279,281,-1,280,281,282,-1,282,281,283,-1,282,283,284,-1,284,283,285,-1,284,285,286,-1,286,285,287,-1,286,287,288,-1,288,287,289,-1,288,289,290,-1,291,292,293,-1,293,292,294,-1,293,294,266,-1,266,294,295,-1,266,295,267,-1,292,291,296,-1,292,296,297,-1,297,296,298,-1,297,298,299,-1,299,298,300,-1,299,300,301,-1,301,300,302,-1,301,302,303,-1,303,302,304,-1,303,304,305,-1,305,304,306,-1,305,306,307,-1,307,306,308,-1,307,308,309,-1,309,308,310,-1,309,310,311,-1,311,310,312,-1,311,312,313,-1,313,312,314,-1,313,314,315,-1,315,314,316,-1,315,316,317,-1,317,316,318,-1,317,318,319,-1,319,318,320,-1,319,320,321,-1,321,320,290,-1,321,290,289,-1,322,323,101,-1,101,323,102,-1,323,322,324,-1,324,322,325,-1,324,325,326,-1,326,325,327,-1,327,325,328,-1,327,328,329,-1,104,103,330,-1,330,103,327,-1,330,327,329,-1,185,184,182,-1,182,184,183,-1,331,216,214,-1,214,216,215,-1,254,253,251,-1,251,253,252,-1,76,78,123,-1,143,144,61,-1,37,157,160,-1,37,160,35,-1,35,160,162,-1,35,162,33,-1,33,162,164,-1,33,164,30,-1,30,164,28,-1,28,164,166,-1,28,166,26,-1,26,166,168,-1,26,168,23,-1,23,168,170,-1,23,170,21,-1,21,170,172,-1,21,172,19,-1,172,174,19,-1,19,174,176,-1,19,176,17,-1,17,176,178,-1,17,178,15,-1,15,178,179,-1,15,179,13,-1,61,144,51,-1,42,45,146,-1,146,45,47,-1,146,47,144,-1,144,47,49,-1,144,49,51,-1,146,148,42,-1,42,148,150,-1,42,150,40,-1,40,150,153,-1,40,153,37,-1,37,153,155,-1,37,155,157,-1,184,187,9,-1,183,184,181,-1,181,184,9,-1,181,9,179,-1,179,9,11,-1,179,11,13,-1,187,189,9,-1,9,189,191,-1,9,191,8,-1,8,191,193,-1,8,193,6,-1,6,193,195,-1,6,195,2,-1,2,195,198,-1,2,198,0,-1,0,198,200,-1,0,200,265,-1,265,200,202,-1,265,202,263,-1,202,204,263,-1,263,204,205,-1,263,205,262,-1,262,205,207,-1,262,207,260,-1,260,207,209,-1,260,209,258,-1,258,209,211,-1,258,211,256,-1,256,211,213,-1,256,213,253,-1,253,213,215,-1,253,215,252,-1,252,215,216,-1,252,216,250,-1,228,221,226,-1,226,221,224,-1,228,230,221,-1,221,230,232,-1,221,232,234,-1,234,236,221,-1,221,236,238,-1,221,238,240,-1,240,242,221,-1,221,242,244,-1,221,244,246,-1,216,219,250,-1,250,219,221,-1,250,221,248,-1,248,221,246,-1,126,128,64,-1,64,128,130,-1,64,130,63,-1,63,130,132,-1,63,132,53,-1,53,132,134,-1,53,134,55,-1,55,134,136,-1,55,136,57,-1,57,136,59,-1,59,136,139,-1,59,139,61,-1,61,139,141,-1,61,141,143,-1,323,283,281,-1,281,279,323,-1,323,279,277,-1,323,277,102,-1,102,277,275,-1,102,275,100,-1,100,275,98,-1,98,275,273,-1,98,273,96,-1,96,273,271,-1,96,271,93,-1,93,271,269,-1,93,269,91,-1,91,269,267,-1,91,267,89,-1,267,295,89,-1,89,295,294,-1,89,294,87,-1,87,294,292,-1,87,292,85,-1,85,292,297,-1,85,297,83,-1,83,297,299,-1,83,299,80,-1,80,299,301,-1,80,301,78,-1,78,301,303,-1,309,123,307,-1,307,123,78,-1,307,78,305,-1,305,78,303,-1,317,319,121,-1,309,311,123,-1,123,311,313,-1,123,313,121,-1,121,313,315,-1,121,315,317,-1,319,321,121,-1,121,321,289,-1,121,289,324,-1,324,289,287,-1,324,287,323,-1,323,287,285,-1,323,285,283,-1,64,66,126,-1,126,66,68,-1,126,68,125,-1,68,70,125,-1,125,70,72,-1,125,72,123,-1,123,72,74,-1,123,74,76,-1,332,103,106,-1,106,108,332,-1,332,108,110,-1,332,110,112,-1,326,327,324,-1,324,327,103,-1,324,103,121,-1,121,103,332,-1,121,332,120,-1,120,332,118,-1,112,114,332,-1,332,114,116,-1,332,116,118,-1,
        ]
    }
}
Shape{
    appearance Appearance {
        material  Material 	{
            diffuseColor 0.30980392156862746 0.30980392156862746 0.30980392156862746
            specularColor 0.1568627450980392 0.1568627450980392 0.1568627450980392
            ambientIntensity 0.3098
            transparency 0.0
            shininess 0.5
        }
    }
    geometry IndexedFaceSet {
        ccw TRUE
        solid FALSE
        coord DEF co Coordinate {
            point [
                0.1339 0.5915 0.4679, 0.1329 0.5902 0.4625, 0.1118 0.5919 0.4693, 0.1307 0.589 0.4577, 0.1275 0.5879 0.4537, 0.1232 0.587 0.4503, 0.118 0.5864 0.4481, 0.1129 0.5862 0.4472, 0.1116 0.5967 0.4916, 0.1172 0.5966 0.4909, 0.1222 0.5962 0.489, 0.1267 0.5956 0.4858, 0.1289 0.5951 0.4835, 0.1319 0.594 0.4788, 0.1336 0.5928 0.4734, 0.0897 0.5925 0.4719, 0.091 0.5937 0.4771, 0.0934 0.5947 0.4818, 0.0971 0.5956 0.486, 0.1016 0.5962 0.4891, 0.1069 0.5966 0.491, 0.112 0.5862 0.4472, 0.1091 0.5862 0.4473, 0.1062 0.5864 0.4479, 0.1013 0.5869 0.4498, 0.097 0.5877 0.4529, 0.0938 0.5886 0.4563, 0.0912 0.5899 0.4612, 0.0898 0.5912 0.4667
            ]
        }
        coordIndex [
            0,1,2,-1,2,1,3,-1,2,3,4,-1,4,5,2,-1,2,5,6,-1,2,6,7,-1,2,8,9,-1,9,10,2,-1,2,10,11,-1,2,11,12,-1,12,13,2,-1,2,13,14,-1,2,14,0,-1,15,16,2,-1,2,16,17,-1,2,17,18,-1,18,19,2,-1,2,19,20,-1,2,20,8,-1,7,21,2,-1,2,21,22,-1,2,22,23,-1,23,24,2,-1,2,24,25,-1,2,25,26,-1,26,27,2,-1,2,27,28,-1,2,28,15,-1,
        ]
    }
}